phase,timestamp_utc,series,value_percent,denominator,bucket_seconds
spring,2026-10-02T18:49:00Z,host,0.6366339929783269,two-core VM,60
spring,2026-10-02T18:50:00Z,host,0.5312656104188427,two-core VM,60
spring,2026-10-02T18:51:00Z,host,0.6275153887287201,two-core VM,60
spring,2026-10-02T18:52:00Z,host,2.362318461426592,two-core VM,60
spring,2026-10-02T18:53:00Z,host,0.51475182151843,two-core VM,60
spring,2026-10-02T18:54:00Z,host,0.5027780093314747,two-core VM,60
spring,2026-10-02T18:55:00Z,host,1.1564456390231395,two-core VM,60
spring,2026-10-02T18:56:00Z,host,0.8081267857127366,two-core VM,60
spring,2026-10-02T18:57:00Z,host,0.711853236606931,two-core VM,60
spring,2026-10-02T18:58:00Z,host,0.443684212025663,two-core VM,60
spring,2026-10-02T18:59:00Z,host,0.3558717139242221,two-core VM,60
spring,2026-10-02T19:00:00Z,host,0.39759641639537285,two-core VM,60
spring,2026-10-02T19:01:00Z,host,0.40190516696791023,two-core VM,60
spring,2026-10-02T18:49:00Z,spring,0.5109556605613056,one core,60
spring,2026-10-02T18:50:00Z,spring,0.49354486938761954,one core,60
spring,2026-10-02T18:51:00Z,spring,0.4601363857658609,one core,60
spring,2026-10-02T18:52:00Z,spring,0.5695724656908139,one core,60
spring,2026-10-02T18:53:00Z,spring,0.468906823965543,one core,60
spring,2026-10-02T18:54:00Z,spring,0.5783195220677284,one core,60
spring,2026-10-02T18:55:00Z,spring,1.1481411745664805,one core,60
spring,2026-10-02T18:56:00Z,spring,0.7200242812940352,one core,60
spring,2026-10-02T18:57:00Z,spring,0.6279480320181188,one core,60
spring,2026-10-02T18:58:00Z,spring,0.3600877864114672,one core,60
spring,2026-10-02T18:59:00Z,spring,0.3181866991194404,one core,60
spring,2026-10-02T19:00:00Z,spring,0.33473109870217305,one core,60
spring,2026-10-02T19:01:00Z,spring,0.41852924484360204,one core,60
quarkus,2026-10-02T19:04:00Z,host,0.44326210268327787,two-core VM,60
quarkus,2026-10-02T19:05:00Z,host,0.4141798151378426,two-core VM,60
quarkus,2026-10-02T19:06:00Z,host,0.43938138378762787,two-core VM,60
quarkus,2026-10-02T19:07:00Z,host,0.5231680964588622,two-core VM,60
quarkus,2026-10-02T19:08:00Z,host,0.4139273030199747,two-core VM,60
quarkus,2026-10-02T19:09:00Z,host,0.4684339803284009,two-core VM,60
quarkus,2026-10-02T19:10:00Z,host,0.8704329948786456,two-core VM,60
quarkus,2026-10-02T19:11:00Z,host,0.7241035820687889,two-core VM,60
quarkus,2026-10-02T19:12:00Z,host,0.8293058692136901,two-core VM,60
quarkus,2026-10-02T19:13:00Z,host,0.3304833880314462,two-core VM,60
quarkus,2026-10-02T19:14:00Z,host,0.3346489587702062,two-core VM,60
quarkus,2026-10-02T19:15:00Z,host,0.3598673567037962,two-core VM,60
quarkus,2026-10-02T19:16:00Z,host,0.32196655010768294,two-core VM,60
quarkus,2026-10-02T19:04:00Z,quarkus,0.3847641087230758,one core,60
quarkus,2026-10-02T19:05:00Z,quarkus,0.3597768024531474,one core,60
quarkus,2026-10-02T19:06:00Z,quarkus,0.4353090754979717,one core,60
quarkus,2026-10-02T19:07:00Z,quarkus,0.5020797286894241,one core,60
quarkus,2026-10-02T19:08:00Z,quarkus,0.29254045946044693,one core,60
quarkus,2026-10-02T19:09:00Z,quarkus,0.47683279810190005,one core,60
quarkus,2026-10-02T19:10:00Z,quarkus,0.8202411044851862,one core,60
quarkus,2026-10-02T19:11:00Z,quarkus,0.6698533681983455,one core,60
quarkus,2026-10-02T19:12:00Z,quarkus,0.7203860813199338,one core,60
quarkus,2026-10-02T19:13:00Z,quarkus,0.27610445984138693,one core,60
quarkus,2026-10-02T19:14:00Z,quarkus,0.24259553840055648,one core,60
quarkus,2026-10-02T19:15:00Z,quarkus,0.2845642097175782,one core,60
quarkus,2026-10-02T19:16:00Z,quarkus,0.24257013031556313,one core,60
micronaut,2026-10-02T19:19:00Z,host,0.7699097547937257,two-core VM,60
micronaut,2026-10-02T19:20:00Z,host,0.7110689467529342,two-core VM,60
micronaut,2026-10-02T19:21:00Z,host,0.6359405083305345,two-core VM,60
micronaut,2026-10-02T19:22:00Z,host,0.7863932352650945,two-core VM,60
micronaut,2026-10-02T19:23:00Z,host,0.7198265529853174,two-core VM,60
micronaut,2026-10-02T19:24:00Z,host,0.790701015509109,two-core VM,60
micronaut,2026-10-02T19:25:00Z,host,1.1965127272455471,two-core VM,60
micronaut,2026-10-02T19:26:00Z,host,1.0328853462432361,two-core VM,60
micronaut,2026-10-02T19:27:00Z,host,0.925103236159116,two-core VM,60
micronaut,2026-10-02T19:28:00Z,host,0.745314883133246,two-core VM,60
micronaut,2026-10-02T19:29:00Z,host,0.7406784205225468,two-core VM,60
micronaut,2026-10-02T19:30:00Z,host,0.8451689237167594,two-core VM,60
micronaut,2026-10-02T19:31:00Z,host,0.7240393639662678,two-core VM,60
micronaut,2026-10-02T19:19:00Z,micronaut,0.6776609255369587,one core,60
micronaut,2026-10-02T19:20:00Z,micronaut,0.7279372776170395,one core,60
micronaut,2026-10-02T19:21:00Z,micronaut,0.6614294011926407,one core,60
micronaut,2026-10-02T19:22:00Z,micronaut,0.7194022541348197,one core,60
micronaut,2026-10-02T19:23:00Z,micronaut,0.7535213687823451,one core,60
micronaut,2026-10-02T19:24:00Z,micronaut,0.727756485780871,one core,60
micronaut,2026-10-02T19:25:00Z,micronaut,1.2383044665643008,one core,60
micronaut,2026-10-02T19:26:00Z,micronaut,0.9451970298165299,one core,60
micronaut,2026-10-02T19:27:00Z,micronaut,0.8710035620759062,one core,60
micronaut,2026-10-02T19:28:00Z,micronaut,0.7451708575665784,one core,60
micronaut,2026-10-02T19:29:00Z,micronaut,0.6948655589610305,one core,60
micronaut,2026-10-02T19:30:00Z,micronaut,0.8198880461087722,one core,60
micronaut,2026-10-02T19:31:00Z,micronaut,0.6864435996923005,one core,60
shared,2026-10-02T19:34:00Z,host,1.2213730661443123,two-core VM,60
shared,2026-10-02T19:35:00Z,host,1.2766100717263018,two-core VM,60
shared,2026-10-02T19:36:00Z,host,1.2634706366549875,two-core VM,60
shared,2026-10-02T19:37:00Z,host,1.0453983094613661,two-core VM,60
shared,2026-10-02T19:38:00Z,host,0.9442452464768406,two-core VM,60
shared,2026-10-02T19:39:00Z,host,0.9187291752766348,two-core VM,60
shared,2026-10-02T19:40:00Z,host,1.0242036799317413,two-core VM,60
shared,2026-10-02T19:41:00Z,host,1.1255103444128693,two-core VM,60
shared,2026-10-02T19:42:00Z,host,0.994888554567433,two-core VM,60
shared,2026-10-02T19:43:00Z,host,0.8381366386744957,two-core VM,60
shared,2026-10-02T19:44:00Z,host,0.9407290204593235,two-core VM,60
shared,2026-10-02T19:45:00Z,host,0.9829331330684437,two-core VM,60
shared,2026-10-02T19:46:00Z,host,0.9281504277249547,two-core VM,60
shared,2026-10-02T19:34:00Z,spring,0.5124484005283704,one core,60
shared,2026-10-02T19:35:00Z,spring,0.3187987386108903,one core,60
shared,2026-10-02T19:36:00Z,spring,0.3108417369460568,one core,60
shared,2026-10-02T19:37:00Z,spring,0.3022926076130273,one core,60
shared,2026-10-02T19:38:00Z,spring,0.2518899954764016,one core,60
shared,2026-10-02T19:39:00Z,spring,0.2684622306333029,one core,60
shared,2026-10-02T19:40:00Z,spring,0.3190217599691828,one core,60
shared,2026-10-02T19:41:00Z,spring,0.30239847191110886,one core,60
shared,2026-10-02T19:42:00Z,spring,0.2769473023561618,one core,60
shared,2026-10-02T19:43:00Z,spring,0.21786548754534918,one core,60
shared,2026-10-02T19:44:00Z,spring,0.30244528444012797,one core,60
shared,2026-10-02T19:45:00Z,spring,0.3025425825391798,one core,60
shared,2026-10-02T19:46:00Z,spring,0.26040512751646644,one core,60
shared,2026-10-02T19:34:00Z,quarkus,0.2520636932961343,one core,60
shared,2026-10-02T19:35:00Z,quarkus,0.2517712852521284,one core,60
shared,2026-10-02T19:36:00Z,quarkus,0.26034532131427446,one core,60
shared,2026-10-02T19:37:00Z,quarkus,0.2686946166071114,one core,60
shared,2026-10-02T19:38:00Z,quarkus,0.20147340020459148,one core,60
shared,2026-10-02T19:39:00Z,quarkus,0.20135944220057264,one core,60
shared,2026-10-02T19:40:00Z,quarkus,0.235134973956755,one core,60
shared,2026-10-02T19:41:00Z,quarkus,0.31934421365724297,one core,60
shared,2026-10-02T19:42:00Z,quarkus,0.21826181773266914,one core,60
shared,2026-10-02T19:43:00Z,quarkus,0.15083402747209818,one core,60
shared,2026-10-02T19:44:00Z,quarkus,0.21008559441610225,one core,60
shared,2026-10-02T19:45:00Z,quarkus,0.22689094429253942,one core,60
shared,2026-10-02T19:46:00Z,quarkus,0.21001798453867707,one core,60
shared,2026-10-02T19:34:00Z,micronaut,0.7223865321057003,one core,60
shared,2026-10-02T19:35:00Z,micronaut,0.6127378622878107,one core,60
shared,2026-10-02T19:36:00Z,micronaut,0.5546541667365266,one core,60
shared,2026-10-02T19:37:00Z,micronaut,0.6380314362875186,one core,60
shared,2026-10-02T19:38:00Z,micronaut,0.5624175982968335,one core,60
shared,2026-10-02T19:39:00Z,micronaut,0.5118453766358535,one core,60
shared,2026-10-02T19:40:00Z,micronaut,0.5707055378981108,one core,60
shared,2026-10-02T19:41:00Z,micronaut,0.655049358884147,one core,60
shared,2026-10-02T19:42:00Z,micronaut,0.579277887176548,one core,60
shared,2026-10-02T19:43:00Z,micronaut,0.47745139348227955,one core,60
shared,2026-10-02T19:44:00Z,micronaut,0.5630355622342784,one core,60
shared,2026-10-02T19:45:00Z,micronaut,0.5880639358871371,one core,60
shared,2026-10-02T19:46:00Z,micronaut,0.6046250492395895,one core,60
