phase,timestamp_utc,available,cycle,sample_index,market_time
spring,2026-10-02T18:47:39.458839+00:00,True,0,0,09:30
spring,2026-10-02T18:47:44.507867+00:00,True,0,0,09:30
spring,2026-10-02T18:47:49.506238+00:00,True,0,0,09:30
spring,2026-10-02T18:47:54.507994+00:00,True,0,0,09:30
spring,2026-10-02T18:47:59.463273+00:00,True,0,0,09:30
spring,2026-10-02T18:48:04.470871+00:00,True,0,0,09:30
spring,2026-10-02T18:48:09.466488+00:00,True,0,0,09:30
spring,2026-10-02T18:48:14.465793+00:00,True,0,0,09:30
spring,2026-10-02T18:48:19.460058+00:00,True,0,0,09:30
spring,2026-10-02T18:48:24.508654+00:00,True,0,1,09:31
spring,2026-10-02T18:48:29.508931+00:00,True,0,1,09:31
spring,2026-10-02T18:48:34.506635+00:00,True,0,1,09:31
spring,2026-10-02T18:48:39.503473+00:00,True,0,1,09:31
spring,2026-10-02T18:48:44.504676+00:00,True,0,1,09:31
spring,2026-10-02T18:48:49.503716+00:00,True,0,1,09:31
spring,2026-10-02T18:48:54.505545+00:00,True,0,1,09:31
spring,2026-10-02T18:48:59.507261+00:00,True,0,1,09:31
spring,2026-10-02T18:49:04.508555+00:00,True,0,1,09:31
spring,2026-10-02T18:49:09.508089+00:00,True,0,1,09:31
spring,2026-10-02T18:49:14.508597+00:00,True,0,1,09:31
spring,2026-10-02T18:49:19.472044+00:00,True,0,1,09:31
spring,2026-10-02T18:49:24.483677+00:00,True,0,2,09:32
spring,2026-10-02T18:49:29.479425+00:00,True,0,2,09:32
spring,2026-10-02T18:49:34.477243+00:00,True,0,2,09:32
spring,2026-10-02T18:49:39.469490+00:00,True,0,2,09:32
spring,2026-10-02T18:49:44.483994+00:00,True,0,2,09:32
spring,2026-10-02T18:49:49.470690+00:00,True,0,2,09:32
spring,2026-10-02T18:49:54.471010+00:00,True,0,2,09:32
spring,2026-10-02T18:49:59.476429+00:00,True,0,2,09:32
spring,2026-10-02T18:50:04.469737+00:00,True,0,2,09:32
spring,2026-10-02T18:50:09.486868+00:00,True,0,2,09:32
spring,2026-10-02T18:50:14.479953+00:00,True,0,2,09:32
spring,2026-10-02T18:50:19.494331+00:00,True,0,2,09:32
spring,2026-10-02T18:50:24.505280+00:00,True,0,3,09:33
spring,2026-10-02T18:50:29.481161+00:00,True,0,3,09:33
spring,2026-10-02T18:50:34.471157+00:00,True,0,3,09:33
spring,2026-10-02T18:50:39.463328+00:00,True,0,3,09:33
spring,2026-10-02T18:50:44.461137+00:00,True,0,3,09:33
spring,2026-10-02T18:50:49.504404+00:00,True,0,3,09:33
spring,2026-10-02T18:50:54.498844+00:00,True,0,3,09:33
spring,2026-10-02T18:50:59.463877+00:00,True,0,3,09:33
spring,2026-10-02T18:51:04.462378+00:00,True,0,3,09:33
spring,2026-10-02T18:51:09.507367+00:00,True,0,3,09:33
spring,2026-10-02T18:51:14.473266+00:00,True,0,3,09:33
spring,2026-10-02T18:51:19.463039+00:00,True,0,3,09:33
spring,2026-10-02T18:51:24.508104+00:00,True,0,4,09:34
spring,2026-10-02T18:51:29.463828+00:00,True,0,4,09:34
spring,2026-10-02T18:51:34.507079+00:00,True,0,4,09:34
spring,2026-10-02T18:51:39.498652+00:00,True,0,4,09:34
spring,2026-10-02T18:51:44.502659+00:00,True,0,4,09:34
spring,2026-10-02T18:51:49.462871+00:00,True,0,4,09:34
spring,2026-10-02T18:51:54.507134+00:00,True,0,4,09:34
spring,2026-10-02T18:51:59.492975+00:00,True,0,4,09:34
spring,2026-10-02T18:52:04.467096+00:00,True,0,4,09:34
spring,2026-10-02T18:52:09.469387+00:00,True,0,4,09:34
spring,2026-10-02T18:52:14.493884+00:00,True,0,4,09:34
spring,2026-10-02T18:52:19.507259+00:00,True,0,4,09:34
spring,2026-10-02T18:52:24.499565+00:00,True,0,5,09:35
spring,2026-10-02T18:52:29.463665+00:00,True,0,5,09:35
spring,2026-10-02T18:52:34.493701+00:00,True,0,5,09:35
spring,2026-10-02T18:52:39.482205+00:00,True,0,5,09:35
spring,2026-10-02T18:52:44.472514+00:00,True,0,5,09:35
spring,2026-10-02T18:52:49.505706+00:00,True,0,5,09:35
spring,2026-10-02T18:52:54.459146+00:00,True,0,5,09:35
spring,2026-10-02T18:52:59.495017+00:00,True,0,5,09:35
spring,2026-10-02T18:53:04.470590+00:00,True,0,5,09:35
spring,2026-10-02T18:53:09.458854+00:00,True,0,5,09:35
spring,2026-10-02T18:53:14.505722+00:00,True,0,5,09:35
spring,2026-10-02T18:53:19.502138+00:00,True,0,5,09:35
spring,2026-10-02T18:53:24.472012+00:00,True,0,6,09:36
spring,2026-10-02T18:53:29.466015+00:00,True,0,6,09:36
spring,2026-10-02T18:53:34.460075+00:00,True,0,6,09:36
spring,2026-10-02T18:53:39.506755+00:00,True,0,6,09:36
spring,2026-10-02T18:53:44.502143+00:00,True,0,6,09:36
spring,2026-10-02T18:53:49.480372+00:00,True,0,6,09:36
spring,2026-10-02T18:53:54.476166+00:00,True,0,6,09:36
spring,2026-10-02T18:53:59.487289+00:00,True,0,6,09:36
spring,2026-10-02T18:54:04.502144+00:00,True,0,6,09:36
spring,2026-10-02T18:54:09.471268+00:00,True,0,6,09:36
spring,2026-10-02T18:54:14.468833+00:00,True,0,6,09:36
spring,2026-10-02T18:54:19.479763+00:00,True,0,6,09:36
spring,2026-10-02T18:54:24.474130+00:00,True,0,7,09:37
spring,2026-10-02T18:54:29.499011+00:00,True,0,7,09:37
spring,2026-10-02T18:54:34.493010+00:00,True,0,7,09:37
spring,2026-10-02T18:54:39.487870+00:00,True,0,7,09:37
spring,2026-10-02T18:54:44.500065+00:00,True,0,7,09:37
spring,2026-10-02T18:54:49.478730+00:00,True,0,7,09:37
spring,2026-10-02T18:54:54.504462+00:00,True,0,7,09:37
spring,2026-10-02T18:54:59.482020+00:00,True,0,7,09:37
spring,2026-10-02T18:55:04.505441+00:00,True,0,7,09:37
spring,2026-10-02T18:55:09.482521+00:00,True,0,7,09:37
spring,2026-10-02T18:55:14.468000+00:00,True,0,7,09:37
spring,2026-10-02T18:55:19.507856+00:00,True,0,7,09:37
spring,2026-10-02T18:55:24.480220+00:00,True,0,8,09:38
spring,2026-10-02T18:55:29.474902+00:00,True,0,8,09:38
spring,2026-10-02T18:55:34.501469+00:00,True,0,8,09:38
spring,2026-10-02T18:55:39.470174+00:00,True,0,8,09:38
spring,2026-10-02T18:55:44.496636+00:00,True,0,8,09:38
spring,2026-10-02T18:55:49.469350+00:00,True,0,8,09:38
spring,2026-10-02T18:55:54.495637+00:00,True,0,8,09:38
spring,2026-10-02T18:55:59.461646+00:00,True,0,8,09:38
spring,2026-10-02T18:56:04.477601+00:00,True,0,8,09:38
spring,2026-10-02T18:56:09.501113+00:00,True,0,8,09:38
spring,2026-10-02T18:56:14.464902+00:00,True,0,8,09:38
spring,2026-10-02T18:56:19.472331+00:00,True,0,8,09:38
spring,2026-10-02T18:56:24.493276+00:00,True,0,9,09:39
spring,2026-10-02T18:56:29.506162+00:00,True,0,9,09:39
spring,2026-10-02T18:56:34.492828+00:00,True,0,9,09:39
spring,2026-10-02T18:56:39.468065+00:00,True,0,9,09:39
spring,2026-10-02T18:56:44.490100+00:00,True,0,9,09:39
spring,2026-10-02T18:56:49.506231+00:00,True,0,9,09:39
spring,2026-10-02T18:56:54.473673+00:00,True,0,9,09:39
spring,2026-10-02T18:56:59.458637+00:00,True,0,9,09:39
spring,2026-10-02T18:57:04.477847+00:00,True,0,9,09:39
spring,2026-10-02T18:57:09.507626+00:00,True,0,9,09:39
spring,2026-10-02T18:57:14.503113+00:00,True,0,9,09:39
spring,2026-10-02T18:57:19.511364+00:00,True,0,9,09:39
spring,2026-10-02T18:57:24.474107+00:00,True,0,10,09:40
spring,2026-10-02T18:57:29.489107+00:00,True,0,10,09:40
spring,2026-10-02T18:57:34.460813+00:00,True,0,10,09:40
spring,2026-10-02T18:57:39.477438+00:00,True,0,10,09:40
spring,2026-10-02T18:57:44.476202+00:00,True,0,10,09:40
spring,2026-10-02T18:57:49.484990+00:00,True,0,10,09:40
spring,2026-10-02T18:57:54.488412+00:00,True,0,10,09:40
spring,2026-10-02T18:57:59.476774+00:00,True,0,10,09:40
spring,2026-10-02T18:58:04.471568+00:00,True,0,10,09:40
spring,2026-10-02T18:58:09.478013+00:00,True,0,10,09:40
spring,2026-10-02T18:58:14.478451+00:00,True,0,10,09:40
spring,2026-10-02T18:58:19.494810+00:00,True,0,10,09:40
spring,2026-10-02T18:58:24.497100+00:00,True,0,11,09:41
spring,2026-10-02T18:58:29.492399+00:00,True,0,11,09:41
spring,2026-10-02T18:58:34.491564+00:00,True,0,11,09:41
spring,2026-10-02T18:58:39.486499+00:00,True,0,11,09:41
spring,2026-10-02T18:58:44.482327+00:00,True,0,11,09:41
spring,2026-10-02T18:58:49.477399+00:00,True,0,11,09:41
spring,2026-10-02T18:58:54.476058+00:00,True,0,11,09:41
spring,2026-10-02T18:58:59.470746+00:00,True,0,11,09:41
spring,2026-10-02T18:59:04.492669+00:00,True,0,11,09:41
spring,2026-10-02T18:59:09.505458+00:00,True,0,11,09:41
spring,2026-10-02T18:59:14.503027+00:00,True,0,11,09:41
spring,2026-10-02T18:59:19.496348+00:00,True,0,11,09:41
spring,2026-10-02T18:59:24.492719+00:00,True,0,12,09:42
spring,2026-10-02T18:59:29.485858+00:00,True,0,12,09:42
spring,2026-10-02T18:59:34.483854+00:00,True,0,12,09:42
spring,2026-10-02T18:59:39.479909+00:00,True,0,12,09:42
spring,2026-10-02T18:59:44.477121+00:00,True,0,12,09:42
spring,2026-10-02T18:59:49.475560+00:00,True,0,12,09:42
spring,2026-10-02T18:59:54.473883+00:00,True,0,12,09:42
spring,2026-10-02T18:59:59.467663+00:00,True,0,12,09:42
spring,2026-10-02T19:00:04.461560+00:00,True,0,12,09:42
spring,2026-10-02T19:00:09.504044+00:00,True,0,12,09:42
spring,2026-10-02T19:00:14.477451+00:00,True,0,12,09:42
spring,2026-10-02T19:00:19.465963+00:00,True,0,12,09:42
spring,2026-10-02T19:00:24.464363+00:00,True,0,13,09:43
spring,2026-10-02T19:00:29.461757+00:00,True,0,13,09:43
spring,2026-10-02T19:00:34.502604+00:00,True,0,13,09:43
spring,2026-10-02T19:00:39.505958+00:00,True,0,13,09:43
spring,2026-10-02T19:00:44.501018+00:00,True,0,13,09:43
spring,2026-10-02T19:00:49.499703+00:00,True,0,13,09:43
spring,2026-10-02T19:00:54.492267+00:00,True,0,13,09:43
spring,2026-10-02T19:00:59.504620+00:00,True,0,13,09:43
spring,2026-10-02T19:01:04.470608+00:00,True,0,13,09:43
spring,2026-10-02T19:01:09.506577+00:00,True,0,13,09:43
spring,2026-10-02T19:01:14.501152+00:00,True,0,13,09:43
spring,2026-10-02T19:01:19.497791+00:00,True,0,13,09:43
spring,2026-10-02T19:01:24.485653+00:00,True,0,14,09:44
spring,2026-10-02T19:01:29.474727+00:00,True,0,14,09:44
spring,2026-10-02T19:01:34.479858+00:00,True,0,14,09:44
spring,2026-10-02T19:01:39.492827+00:00,True,0,14,09:44
spring,2026-10-02T19:01:44.501909+00:00,True,0,14,09:44
spring,2026-10-02T19:01:49.460754+00:00,True,0,14,09:44
spring,2026-10-02T19:01:54.462380+00:00,True,0,14,09:44
spring,2026-10-02T19:01:59.487635+00:00,True,0,14,09:44
spring,2026-10-02T19:02:04.479631+00:00,True,0,14,09:44
spring,2026-10-02T19:02:09.467175+00:00,True,0,14,09:44
spring,2026-10-02T19:02:14.463413+00:00,True,0,14,09:44
spring,2026-10-02T19:02:19.506129+00:00,True,0,14,09:44
spring,2026-10-02T19:02:24.506659+00:00,True,0,15,09:45
spring,2026-10-02T19:02:29.466480+00:00,True,0,15,09:45
spring,2026-10-02T19:02:34.508353+00:00,True,0,15,09:45
quarkus,2026-10-02T19:02:42.385529+00:00,True,0,15,09:45
quarkus,2026-10-02T19:02:47.421463+00:00,True,0,15,09:45
quarkus,2026-10-02T19:02:52.394054+00:00,True,0,15,09:45
quarkus,2026-10-02T19:02:57.396434+00:00,True,0,15,09:45
quarkus,2026-10-02T19:03:02.398683+00:00,True,0,15,09:45
quarkus,2026-10-02T19:03:07.413028+00:00,True,0,15,09:45
quarkus,2026-10-02T19:03:12.426546+00:00,True,0,15,09:45
quarkus,2026-10-02T19:03:17.428417+00:00,True,0,15,09:45
quarkus,2026-10-02T19:03:22.387298+00:00,True,0,16,09:46
quarkus,2026-10-02T19:03:27.427392+00:00,True,0,16,09:46
quarkus,2026-10-02T19:03:32.408301+00:00,True,0,16,09:46
quarkus,2026-10-02T19:03:37.388311+00:00,True,0,16,09:46
quarkus,2026-10-02T19:03:42.388866+00:00,True,0,16,09:46
quarkus,2026-10-02T19:03:47.431062+00:00,True,0,16,09:46
quarkus,2026-10-02T19:03:52.416285+00:00,True,0,16,09:46
quarkus,2026-10-02T19:03:57.404004+00:00,True,0,16,09:46
quarkus,2026-10-02T19:04:02.402892+00:00,True,0,16,09:46
quarkus,2026-10-02T19:04:07.391337+00:00,True,0,16,09:46
quarkus,2026-10-02T19:04:12.430303+00:00,True,0,16,09:46
quarkus,2026-10-02T19:04:17.419219+00:00,True,0,16,09:46
quarkus,2026-10-02T19:04:22.418160+00:00,True,0,17,09:47
quarkus,2026-10-02T19:04:27.411151+00:00,True,0,17,09:47
quarkus,2026-10-02T19:04:32.386963+00:00,True,0,17,09:47
quarkus,2026-10-02T19:04:37.429737+00:00,True,0,17,09:47
quarkus,2026-10-02T19:04:42.421568+00:00,True,0,17,09:47
quarkus,2026-10-02T19:04:47.433310+00:00,True,0,17,09:47
quarkus,2026-10-02T19:04:52.434887+00:00,True,0,17,09:47
quarkus,2026-10-02T19:04:57.391552+00:00,True,0,17,09:47
quarkus,2026-10-02T19:05:02.385576+00:00,True,0,17,09:47
quarkus,2026-10-02T19:05:07.408027+00:00,True,0,17,09:47
quarkus,2026-10-02T19:05:12.401212+00:00,True,0,17,09:47
quarkus,2026-10-02T19:05:17.389203+00:00,True,0,17,09:47
quarkus,2026-10-02T19:05:22.429134+00:00,True,0,18,09:48
quarkus,2026-10-02T19:05:27.423907+00:00,True,0,18,09:48
quarkus,2026-10-02T19:05:32.399390+00:00,True,0,18,09:48
quarkus,2026-10-02T19:05:37.425749+00:00,True,0,18,09:48
quarkus,2026-10-02T19:05:42.415827+00:00,True,0,18,09:48
quarkus,2026-10-02T19:05:47.415652+00:00,True,0,18,09:48
quarkus,2026-10-02T19:05:52.410846+00:00,True,0,18,09:48
quarkus,2026-10-02T19:05:57.407988+00:00,True,0,18,09:48
quarkus,2026-10-02T19:06:02.408756+00:00,True,0,18,09:48
quarkus,2026-10-02T19:06:07.407266+00:00,True,0,18,09:48
quarkus,2026-10-02T19:06:12.415091+00:00,True,0,18,09:48
quarkus,2026-10-02T19:06:17.404161+00:00,True,0,18,09:48
quarkus,2026-10-02T19:06:22.431997+00:00,True,0,19,09:49
quarkus,2026-10-02T19:06:27.429267+00:00,True,0,19,09:49
quarkus,2026-10-02T19:06:32.425760+00:00,True,0,19,09:49
quarkus,2026-10-02T19:06:37.421269+00:00,True,0,19,09:49
quarkus,2026-10-02T19:06:42.418167+00:00,True,0,19,09:49
quarkus,2026-10-02T19:06:47.435336+00:00,True,0,19,09:49
quarkus,2026-10-02T19:06:52.430461+00:00,True,0,19,09:49
quarkus,2026-10-02T19:06:57.429923+00:00,True,0,19,09:49
quarkus,2026-10-02T19:07:02.390745+00:00,True,0,19,09:49
quarkus,2026-10-02T19:07:07.415026+00:00,True,0,19,09:49
quarkus,2026-10-02T19:07:12.409091+00:00,True,0,19,09:49
quarkus,2026-10-02T19:07:17.406740+00:00,True,0,19,09:49
quarkus,2026-10-02T19:07:22.400345+00:00,True,0,20,09:50
quarkus,2026-10-02T19:07:27.393269+00:00,True,0,20,09:50
quarkus,2026-10-02T19:07:32.390575+00:00,True,0,20,09:50
quarkus,2026-10-02T19:07:37.430575+00:00,True,0,20,09:50
quarkus,2026-10-02T19:07:42.430361+00:00,True,0,20,09:50
quarkus,2026-10-02T19:07:47.390039+00:00,True,0,20,09:50
quarkus,2026-10-02T19:07:52.387903+00:00,True,0,20,09:50
quarkus,2026-10-02T19:07:57.390871+00:00,True,0,20,09:50
quarkus,2026-10-02T19:08:02.431874+00:00,True,0,20,09:50
quarkus,2026-10-02T19:08:07.425132+00:00,True,0,20,09:50
quarkus,2026-10-02T19:08:12.406121+00:00,True,0,20,09:50
quarkus,2026-10-02T19:08:17.390133+00:00,True,0,20,09:50
quarkus,2026-10-02T19:08:22.422293+00:00,True,0,21,09:51
quarkus,2026-10-02T19:08:27.409048+00:00,True,0,21,09:51
quarkus,2026-10-02T19:08:32.390425+00:00,True,0,21,09:51
quarkus,2026-10-02T19:08:37.427491+00:00,True,0,21,09:51
quarkus,2026-10-02T19:08:42.413117+00:00,True,0,21,09:51
quarkus,2026-10-02T19:08:47.396337+00:00,True,0,21,09:51
quarkus,2026-10-02T19:08:52.431686+00:00,True,0,21,09:51
quarkus,2026-10-02T19:08:57.412221+00:00,True,0,21,09:51
quarkus,2026-10-02T19:09:02.403667+00:00,True,0,21,09:51
quarkus,2026-10-02T19:09:07.399479+00:00,True,0,21,09:51
quarkus,2026-10-02T19:09:12.395915+00:00,True,0,21,09:51
quarkus,2026-10-02T19:09:17.392476+00:00,True,0,21,09:51
quarkus,2026-10-02T19:09:22.395860+00:00,True,0,22,09:52
quarkus,2026-10-02T19:09:27.393532+00:00,True,0,22,09:52
quarkus,2026-10-02T19:09:32.428254+00:00,True,0,22,09:52
quarkus,2026-10-02T19:09:37.414313+00:00,True,0,22,09:52
quarkus,2026-10-02T19:09:42.435140+00:00,True,0,22,09:52
quarkus,2026-10-02T19:09:47.421082+00:00,True,0,22,09:52
quarkus,2026-10-02T19:09:52.399349+00:00,True,0,22,09:52
quarkus,2026-10-02T19:09:57.431629+00:00,True,0,22,09:52
quarkus,2026-10-02T19:10:02.396088+00:00,True,0,22,09:52
quarkus,2026-10-02T19:10:07.415097+00:00,True,0,22,09:52
quarkus,2026-10-02T19:10:12.394667+00:00,True,0,22,09:52
quarkus,2026-10-02T19:10:17.417331+00:00,True,0,22,09:52
quarkus,2026-10-02T19:10:22.387334+00:00,True,0,23,09:53
quarkus,2026-10-02T19:10:27.418255+00:00,True,0,23,09:53
quarkus,2026-10-02T19:10:32.394807+00:00,True,0,23,09:53
quarkus,2026-10-02T19:10:37.398654+00:00,True,0,23,09:53
quarkus,2026-10-02T19:10:42.409006+00:00,True,0,23,09:53
quarkus,2026-10-02T19:10:47.417758+00:00,True,0,23,09:53
quarkus,2026-10-02T19:10:52.418419+00:00,True,0,23,09:53
quarkus,2026-10-02T19:10:57.390266+00:00,True,0,23,09:53
quarkus,2026-10-02T19:11:02.411870+00:00,True,0,23,09:53
quarkus,2026-10-02T19:11:07.423092+00:00,True,0,23,09:53
quarkus,2026-10-02T19:11:12.433375+00:00,True,0,23,09:53
quarkus,2026-10-02T19:11:17.433486+00:00,True,0,23,09:53
quarkus,2026-10-02T19:11:22.431047+00:00,True,0,24,09:54
quarkus,2026-10-02T19:11:27.388575+00:00,True,0,24,09:54
quarkus,2026-10-02T19:11:32.390491+00:00,True,0,24,09:54
quarkus,2026-10-02T19:11:37.391502+00:00,True,0,24,09:54
quarkus,2026-10-02T19:11:42.424523+00:00,True,0,24,09:54
quarkus,2026-10-02T19:11:47.397320+00:00,True,0,24,09:54
quarkus,2026-10-02T19:11:52.424226+00:00,True,0,24,09:54
quarkus,2026-10-02T19:11:57.413455+00:00,True,0,24,09:54
quarkus,2026-10-02T19:12:02.426477+00:00,True,0,24,09:54
quarkus,2026-10-02T19:12:07.426459+00:00,True,0,24,09:54
quarkus,2026-10-02T19:12:12.386284+00:00,True,0,24,09:54
quarkus,2026-10-02T19:12:17.407225+00:00,True,0,24,09:54
quarkus,2026-10-02T19:12:22.422665+00:00,True,0,25,09:55
quarkus,2026-10-02T19:12:27.391918+00:00,True,0,25,09:55
quarkus,2026-10-02T19:12:32.411506+00:00,True,0,25,09:55
quarkus,2026-10-02T19:12:37.410429+00:00,True,0,25,09:55
quarkus,2026-10-02T19:12:42.429511+00:00,True,0,25,09:55
quarkus,2026-10-02T19:12:47.420166+00:00,True,0,25,09:55
quarkus,2026-10-02T19:12:52.407598+00:00,True,0,25,09:55
quarkus,2026-10-02T19:12:57.399106+00:00,True,0,25,09:55
quarkus,2026-10-02T19:13:02.416499+00:00,True,0,25,09:55
quarkus,2026-10-02T19:13:07.408057+00:00,True,0,25,09:55
quarkus,2026-10-02T19:13:12.400870+00:00,True,0,25,09:55
quarkus,2026-10-02T19:13:17.390088+00:00,True,0,25,09:55
quarkus,2026-10-02T19:13:22.429537+00:00,True,0,26,09:56
quarkus,2026-10-02T19:13:27.424915+00:00,True,0,26,09:56
quarkus,2026-10-02T19:13:32.403240+00:00,True,0,26,09:56
quarkus,2026-10-02T19:13:37.394346+00:00,True,0,26,09:56
quarkus,2026-10-02T19:13:42.388980+00:00,True,0,26,09:56
quarkus,2026-10-02T19:13:47.404185+00:00,True,0,26,09:56
quarkus,2026-10-02T19:13:52.412111+00:00,True,0,26,09:56
quarkus,2026-10-02T19:13:57.408979+00:00,True,0,26,09:56
quarkus,2026-10-02T19:14:02.396325+00:00,True,0,26,09:56
quarkus,2026-10-02T19:14:07.433417+00:00,True,0,26,09:56
quarkus,2026-10-02T19:14:12.394880+00:00,True,0,26,09:56
quarkus,2026-10-02T19:14:17.415282+00:00,True,0,26,09:56
quarkus,2026-10-02T19:14:22.399698+00:00,True,0,27,09:57
quarkus,2026-10-02T19:14:27.433575+00:00,True,0,27,09:57
quarkus,2026-10-02T19:14:32.389789+00:00,True,0,27,09:57
quarkus,2026-10-02T19:14:37.433085+00:00,True,0,27,09:57
quarkus,2026-10-02T19:14:42.393219+00:00,True,0,27,09:57
quarkus,2026-10-02T19:14:47.418424+00:00,True,0,27,09:57
quarkus,2026-10-02T19:14:52.411744+00:00,True,0,27,09:57
quarkus,2026-10-02T19:14:57.416830+00:00,True,0,27,09:57
quarkus,2026-10-02T19:15:02.402472+00:00,True,0,27,09:57
quarkus,2026-10-02T19:15:07.394210+00:00,True,0,27,09:57
quarkus,2026-10-02T19:15:12.417434+00:00,True,0,27,09:57
quarkus,2026-10-02T19:15:17.409690+00:00,True,0,27,09:57
quarkus,2026-10-02T19:15:22.419211+00:00,True,0,28,09:58
quarkus,2026-10-02T19:15:27.419512+00:00,True,0,28,09:58
quarkus,2026-10-02T19:15:32.408753+00:00,True,0,28,09:58
quarkus,2026-10-02T19:15:37.423033+00:00,True,0,28,09:58
quarkus,2026-10-02T19:15:42.410554+00:00,True,0,28,09:58
quarkus,2026-10-02T19:15:47.432355+00:00,True,0,28,09:58
quarkus,2026-10-02T19:15:52.423010+00:00,True,0,28,09:58
quarkus,2026-10-02T19:15:57.421975+00:00,True,0,28,09:58
quarkus,2026-10-02T19:16:02.411909+00:00,True,0,28,09:58
quarkus,2026-10-02T19:16:07.387185+00:00,True,0,28,09:58
quarkus,2026-10-02T19:16:12.388776+00:00,True,0,28,09:58
quarkus,2026-10-02T19:16:17.421273+00:00,True,0,28,09:58
quarkus,2026-10-02T19:16:22.426162+00:00,True,0,29,09:59
quarkus,2026-10-02T19:16:27.417766+00:00,True,0,29,09:59
quarkus,2026-10-02T19:16:32.404250+00:00,True,0,29,09:59
quarkus,2026-10-02T19:16:37.422973+00:00,True,0,29,09:59
quarkus,2026-10-02T19:16:42.427785+00:00,True,0,29,09:59
quarkus,2026-10-02T19:16:47.419372+00:00,True,0,29,09:59
quarkus,2026-10-02T19:16:52.416622+00:00,True,0,29,09:59
quarkus,2026-10-02T19:16:57.401078+00:00,True,0,29,09:59
quarkus,2026-10-02T19:17:02.385470+00:00,True,0,29,09:59
quarkus,2026-10-02T19:17:07.423673+00:00,True,0,29,09:59
quarkus,2026-10-02T19:17:12.406653+00:00,True,0,29,09:59
quarkus,2026-10-02T19:17:17.421369+00:00,True,0,29,09:59
quarkus,2026-10-02T19:17:22.409260+00:00,True,0,30,10:00
quarkus,2026-10-02T19:17:27.400468+00:00,True,0,30,10:00
quarkus,2026-10-02T19:17:32.434743+00:00,True,0,30,10:00
quarkus,2026-10-02T19:17:37.387999+00:00,True,0,30,10:00
micronaut,2026-10-02T19:17:45.444286+00:00,True,0,30,10:00
micronaut,2026-10-02T19:17:50.488061+00:00,True,0,30,10:00
micronaut,2026-10-02T19:17:55.483993+00:00,True,0,30,10:00
micronaut,2026-10-02T19:18:00.479869+00:00,True,0,30,10:00
micronaut,2026-10-02T19:18:05.470030+00:00,True,0,30,10:00
micronaut,2026-10-02T19:18:10.469954+00:00,True,0,30,10:00
micronaut,2026-10-02T19:18:15.487144+00:00,True,0,30,10:00
micronaut,2026-10-02T19:18:20.444221+00:00,True,0,30,10:00
micronaut,2026-10-02T19:18:25.454540+00:00,True,0,31,10:01
micronaut,2026-10-02T19:18:30.448438+00:00,True,0,31,10:01
micronaut,2026-10-02T19:18:35.471479+00:00,True,0,31,10:01
micronaut,2026-10-02T19:18:40.487954+00:00,True,0,31,10:01
micronaut,2026-10-02T19:18:45.478361+00:00,True,0,31,10:01
micronaut,2026-10-02T19:18:50.465847+00:00,True,0,31,10:01
micronaut,2026-10-02T19:18:55.454656+00:00,True,0,31,10:01
micronaut,2026-10-02T19:19:00.457534+00:00,True,0,31,10:01
micronaut,2026-10-02T19:19:05.468073+00:00,True,0,31,10:01
micronaut,2026-10-02T19:19:10.452534+00:00,True,0,31,10:01
micronaut,2026-10-02T19:19:15.447174+00:00,True,0,31,10:01
micronaut,2026-10-02T19:19:20.479975+00:00,True,0,31,10:01
micronaut,2026-10-02T19:19:25.469849+00:00,True,0,32,10:02
micronaut,2026-10-02T19:19:30.468499+00:00,True,0,32,10:02
micronaut,2026-10-02T19:19:35.458443+00:00,True,0,32,10:02
micronaut,2026-10-02T19:19:40.453525+00:00,True,0,32,10:02
micronaut,2026-10-02T19:19:45.492346+00:00,True,0,32,10:02
micronaut,2026-10-02T19:19:50.487489+00:00,True,0,32,10:02
micronaut,2026-10-02T19:19:55.486801+00:00,True,0,32,10:02
micronaut,2026-10-02T19:20:00.453550+00:00,True,0,32,10:02
micronaut,2026-10-02T19:20:05.445692+00:00,True,0,32,10:02
micronaut,2026-10-02T19:20:10.444297+00:00,True,0,32,10:02
micronaut,2026-10-02T19:20:15.485499+00:00,True,0,32,10:02
micronaut,2026-10-02T19:20:20.481366+00:00,True,0,32,10:02
micronaut,2026-10-02T19:20:25.491602+00:00,True,0,33,10:03
micronaut,2026-10-02T19:20:30.470378+00:00,True,0,33,10:03
micronaut,2026-10-02T19:20:35.457654+00:00,True,0,33,10:03
micronaut,2026-10-02T19:20:40.450975+00:00,True,0,33,10:03
micronaut,2026-10-02T19:20:45.472369+00:00,True,0,33,10:03
micronaut,2026-10-02T19:20:50.477379+00:00,True,0,33,10:03
micronaut,2026-10-02T19:20:55.477688+00:00,True,0,33,10:03
micronaut,2026-10-02T19:21:00.469675+00:00,True,0,33,10:03
micronaut,2026-10-02T19:21:05.454835+00:00,True,0,33,10:03
micronaut,2026-10-02T19:21:10.478029+00:00,True,0,33,10:03
micronaut,2026-10-02T19:21:15.446848+00:00,True,0,33,10:03
micronaut,2026-10-02T19:21:20.490682+00:00,True,0,33,10:03
micronaut,2026-10-02T19:21:25.489774+00:00,True,0,34,10:04
micronaut,2026-10-02T19:21:30.485652+00:00,True,0,34,10:04
micronaut,2026-10-02T19:21:35.469261+00:00,True,0,34,10:04
micronaut,2026-10-02T19:21:40.459035+00:00,True,0,34,10:04
micronaut,2026-10-02T19:21:45.458630+00:00,True,0,34,10:04
micronaut,2026-10-02T19:21:50.488323+00:00,True,0,34,10:04
micronaut,2026-10-02T19:21:55.485003+00:00,True,0,34,10:04
micronaut,2026-10-02T19:22:00.482477+00:00,True,0,34,10:04
micronaut,2026-10-02T19:22:05.456918+00:00,True,0,34,10:04
micronaut,2026-10-02T19:22:10.460220+00:00,True,0,34,10:04
micronaut,2026-10-02T19:22:15.447593+00:00,True,0,34,10:04
micronaut,2026-10-02T19:22:20.490841+00:00,True,0,34,10:04
micronaut,2026-10-02T19:22:25.452015+00:00,True,0,35,10:05
micronaut,2026-10-02T19:22:30.472792+00:00,True,0,35,10:05
micronaut,2026-10-02T19:22:35.465589+00:00,True,0,35,10:05
micronaut,2026-10-02T19:22:40.458998+00:00,True,0,35,10:05
micronaut,2026-10-02T19:22:45.448449+00:00,True,0,35,10:05
micronaut,2026-10-02T19:22:50.468267+00:00,True,0,35,10:05
micronaut,2026-10-02T19:22:55.460715+00:00,True,0,35,10:05
micronaut,2026-10-02T19:23:00.460268+00:00,True,0,35,10:05
micronaut,2026-10-02T19:23:05.449994+00:00,True,0,35,10:05
micronaut,2026-10-02T19:23:10.454244+00:00,True,0,35,10:05
micronaut,2026-10-02T19:23:15.447756+00:00,True,0,35,10:05
micronaut,2026-10-02T19:23:20.456031+00:00,True,0,35,10:05
micronaut,2026-10-02T19:23:25.451881+00:00,True,0,36,10:06
micronaut,2026-10-02T19:23:30.467574+00:00,True,0,36,10:06
micronaut,2026-10-02T19:23:35.463561+00:00,True,0,36,10:06
micronaut,2026-10-02T19:23:40.449734+00:00,True,0,36,10:06
micronaut,2026-10-02T19:23:45.454347+00:00,True,0,36,10:06
micronaut,2026-10-02T19:23:50.447767+00:00,True,0,36,10:06
micronaut,2026-10-02T19:23:55.457435+00:00,True,0,36,10:06
micronaut,2026-10-02T19:24:00.459672+00:00,True,0,36,10:06
micronaut,2026-10-02T19:24:05.473787+00:00,True,0,36,10:06
micronaut,2026-10-02T19:24:10.477133+00:00,True,0,36,10:06
micronaut,2026-10-02T19:24:15.450985+00:00,True,0,36,10:06
micronaut,2026-10-02T19:24:20.449664+00:00,True,0,36,10:06
micronaut,2026-10-02T19:24:25.483099+00:00,True,0,37,10:07
micronaut,2026-10-02T19:24:30.481185+00:00,True,0,37,10:07
micronaut,2026-10-02T19:24:35.463082+00:00,True,0,37,10:07
micronaut,2026-10-02T19:24:40.456409+00:00,True,0,37,10:07
micronaut,2026-10-02T19:24:45.489596+00:00,True,0,37,10:07
micronaut,2026-10-02T19:24:50.445027+00:00,True,0,37,10:07
micronaut,2026-10-02T19:24:55.465249+00:00,True,0,37,10:07
micronaut,2026-10-02T19:25:00.484367+00:00,True,0,37,10:07
micronaut,2026-10-02T19:25:05.474740+00:00,True,0,37,10:07
micronaut,2026-10-02T19:25:10.482180+00:00,True,0,37,10:07
micronaut,2026-10-02T19:25:15.480970+00:00,True,0,37,10:07
micronaut,2026-10-02T19:25:20.484474+00:00,True,0,37,10:07
micronaut,2026-10-02T19:25:25.464815+00:00,True,0,38,10:08
micronaut,2026-10-02T19:25:30.478587+00:00,True,0,38,10:08
micronaut,2026-10-02T19:25:35.451566+00:00,True,0,38,10:08
micronaut,2026-10-02T19:25:40.460588+00:00,True,0,38,10:08
micronaut,2026-10-02T19:25:45.460308+00:00,True,0,38,10:08
micronaut,2026-10-02T19:25:50.468542+00:00,True,0,38,10:08
micronaut,2026-10-02T19:25:55.474560+00:00,True,0,38,10:08
micronaut,2026-10-02T19:26:00.480063+00:00,True,0,38,10:08
micronaut,2026-10-02T19:26:05.462273+00:00,True,0,38,10:08
micronaut,2026-10-02T19:26:10.489479+00:00,True,0,38,10:08
micronaut,2026-10-02T19:26:15.469688+00:00,True,0,38,10:08
micronaut,2026-10-02T19:26:20.477959+00:00,True,0,38,10:08
micronaut,2026-10-02T19:26:25.483621+00:00,True,0,39,10:09
micronaut,2026-10-02T19:26:30.449560+00:00,True,0,39,10:09
micronaut,2026-10-02T19:26:35.489783+00:00,True,0,39,10:09
micronaut,2026-10-02T19:26:40.492077+00:00,True,0,39,10:09
micronaut,2026-10-02T19:26:45.449346+00:00,True,0,39,10:09
micronaut,2026-10-02T19:26:50.463269+00:00,True,0,39,10:09
micronaut,2026-10-02T19:26:55.485049+00:00,True,0,39,10:09
micronaut,2026-10-02T19:27:00.489983+00:00,True,0,39,10:09
micronaut,2026-10-02T19:27:05.464989+00:00,True,0,39,10:09
micronaut,2026-10-02T19:27:10.444461+00:00,True,0,39,10:09
micronaut,2026-10-02T19:27:15.448322+00:00,True,0,39,10:09
micronaut,2026-10-02T19:27:20.454741+00:00,True,0,39,10:09
micronaut,2026-10-02T19:27:25.450709+00:00,True,0,40,10:10
micronaut,2026-10-02T19:27:30.461152+00:00,True,0,40,10:10
micronaut,2026-10-02T19:27:35.459221+00:00,True,0,40,10:10
micronaut,2026-10-02T19:27:40.475422+00:00,True,0,40,10:10
micronaut,2026-10-02T19:27:45.453039+00:00,True,0,40,10:10
micronaut,2026-10-02T19:27:50.449978+00:00,True,0,40,10:10
micronaut,2026-10-02T19:27:55.447914+00:00,True,0,40,10:10
micronaut,2026-10-02T19:28:00.445048+00:00,True,0,40,10:10
micronaut,2026-10-02T19:28:05.481626+00:00,True,0,40,10:10
micronaut,2026-10-02T19:28:10.444548+00:00,True,0,40,10:10
micronaut,2026-10-02T19:28:15.486392+00:00,True,0,40,10:10
micronaut,2026-10-02T19:28:20.474733+00:00,True,0,40,10:10
micronaut,2026-10-02T19:28:25.469047+00:00,True,0,41,10:11
micronaut,2026-10-02T19:28:30.483210+00:00,True,0,41,10:11
micronaut,2026-10-02T19:28:35.474728+00:00,True,0,41,10:11
micronaut,2026-10-02T19:28:40.446154+00:00,True,0,41,10:11
micronaut,2026-10-02T19:28:45.489136+00:00,True,0,41,10:11
micronaut,2026-10-02T19:28:50.473711+00:00,True,0,41,10:11
micronaut,2026-10-02T19:28:55.464568+00:00,True,0,41,10:11
micronaut,2026-10-02T19:29:00.472004+00:00,True,0,41,10:11
micronaut,2026-10-02T19:29:05.463071+00:00,True,0,41,10:11
micronaut,2026-10-02T19:29:10.456447+00:00,True,0,41,10:11
micronaut,2026-10-02T19:29:15.449295+00:00,True,0,41,10:11
micronaut,2026-10-02T19:29:20.461989+00:00,True,0,41,10:11
micronaut,2026-10-02T19:29:25.450842+00:00,True,0,42,10:12
micronaut,2026-10-02T19:29:30.453139+00:00,True,0,42,10:12
micronaut,2026-10-02T19:29:35.446396+00:00,True,0,42,10:12
micronaut,2026-10-02T19:29:40.450633+00:00,True,0,42,10:12
micronaut,2026-10-02T19:29:45.445322+00:00,True,0,42,10:12
micronaut,2026-10-02T19:29:50.448031+00:00,True,0,42,10:12
micronaut,2026-10-02T19:29:55.448670+00:00,True,0,42,10:12
micronaut,2026-10-02T19:30:00.466234+00:00,True,0,42,10:12
micronaut,2026-10-02T19:30:05.451347+00:00,True,0,42,10:12
micronaut,2026-10-02T19:30:10.446641+00:00,True,0,42,10:12
micronaut,2026-10-02T19:30:15.457062+00:00,True,0,42,10:12
micronaut,2026-10-02T19:30:20.460525+00:00,True,0,42,10:12
micronaut,2026-10-02T19:30:25.454793+00:00,True,0,43,10:13
micronaut,2026-10-02T19:30:30.451973+00:00,True,0,43,10:13
micronaut,2026-10-02T19:30:35.490085+00:00,True,0,43,10:13
micronaut,2026-10-02T19:30:40.465185+00:00,True,0,43,10:13
micronaut,2026-10-02T19:30:45.454156+00:00,True,0,43,10:13
micronaut,2026-10-02T19:30:50.458889+00:00,True,0,43,10:13
micronaut,2026-10-02T19:30:55.489023+00:00,True,0,43,10:13
micronaut,2026-10-02T19:31:00.481661+00:00,True,0,43,10:13
micronaut,2026-10-02T19:31:05.474021+00:00,True,0,43,10:13
micronaut,2026-10-02T19:31:10.457391+00:00,True,0,43,10:13
micronaut,2026-10-02T19:31:15.448522+00:00,True,0,43,10:13
micronaut,2026-10-02T19:31:20.458013+00:00,True,0,43,10:13
micronaut,2026-10-02T19:31:25.449879+00:00,True,0,44,10:14
micronaut,2026-10-02T19:31:30.465270+00:00,True,0,44,10:14
micronaut,2026-10-02T19:31:35.457089+00:00,True,0,44,10:14
micronaut,2026-10-02T19:31:40.459981+00:00,True,0,44,10:14
micronaut,2026-10-02T19:31:45.451625+00:00,True,0,44,10:14
micronaut,2026-10-02T19:31:50.459540+00:00,True,0,44,10:14
micronaut,2026-10-02T19:31:55.470291+00:00,True,0,44,10:14
micronaut,2026-10-02T19:32:00.450068+00:00,True,0,44,10:14
micronaut,2026-10-02T19:32:05.494071+00:00,True,0,44,10:14
micronaut,2026-10-02T19:32:10.449570+00:00,True,0,44,10:14
micronaut,2026-10-02T19:32:15.468270+00:00,True,0,44,10:14
micronaut,2026-10-02T19:32:20.485697+00:00,True,0,44,10:14
micronaut,2026-10-02T19:32:25.478491+00:00,True,0,45,10:15
micronaut,2026-10-02T19:32:30.483590+00:00,True,0,45,10:15
micronaut,2026-10-02T19:32:35.474601+00:00,True,0,45,10:15
micronaut,2026-10-02T19:32:40.482296+00:00,True,0,45,10:15
shared,2026-10-02T19:32:55.509455+00:00,True,0,45,10:15
shared,2026-10-02T19:33:00.547263+00:00,True,0,45,10:15
shared,2026-10-02T19:33:05.550274+00:00,True,0,45,10:15
shared,2026-10-02T19:33:10.534201+00:00,True,0,45,10:15
shared,2026-10-02T19:33:15.521150+00:00,True,0,45,10:15
shared,2026-10-02T19:33:20.557968+00:00,True,0,45,10:15
shared,2026-10-02T19:33:25.540271+00:00,True,0,46,10:16
shared,2026-10-02T19:33:30.552019+00:00,True,0,46,10:16
shared,2026-10-02T19:33:35.530266+00:00,True,0,46,10:16
shared,2026-10-02T19:33:40.522228+00:00,True,0,46,10:16
shared,2026-10-02T19:33:45.559611+00:00,True,0,46,10:16
shared,2026-10-02T19:33:50.548574+00:00,True,0,46,10:16
shared,2026-10-02T19:33:55.540833+00:00,True,0,46,10:16
shared,2026-10-02T19:34:00.526341+00:00,True,0,46,10:16
shared,2026-10-02T19:34:05.512207+00:00,True,0,46,10:16
shared,2026-10-02T19:34:10.551767+00:00,True,0,46,10:16
shared,2026-10-02T19:34:15.539598+00:00,True,0,46,10:16
shared,2026-10-02T19:34:20.527496+00:00,True,0,46,10:16
shared,2026-10-02T19:34:25.514142+00:00,True,0,47,10:17
shared,2026-10-02T19:34:30.513633+00:00,True,0,47,10:17
shared,2026-10-02T19:34:35.510032+00:00,True,0,47,10:17
shared,2026-10-02T19:34:40.553030+00:00,True,0,47,10:17
shared,2026-10-02T19:34:45.534844+00:00,True,0,47,10:17
shared,2026-10-02T19:34:50.531896+00:00,True,0,47,10:17
shared,2026-10-02T19:34:55.524680+00:00,True,0,47,10:17
shared,2026-10-02T19:35:00.516297+00:00,True,0,47,10:17
shared,2026-10-02T19:35:05.509481+00:00,True,0,47,10:17
shared,2026-10-02T19:35:10.556865+00:00,True,0,47,10:17
shared,2026-10-02T19:35:15.555179+00:00,True,0,47,10:17
shared,2026-10-02T19:35:20.546283+00:00,True,0,47,10:17
shared,2026-10-02T19:35:25.532511+00:00,True,0,48,10:18
shared,2026-10-02T19:35:30.521853+00:00,True,0,48,10:18
shared,2026-10-02T19:35:35.557712+00:00,True,0,48,10:18
shared,2026-10-02T19:35:40.548362+00:00,True,0,48,10:18
shared,2026-10-02T19:35:45.534116+00:00,True,0,48,10:18
shared,2026-10-02T19:35:50.525855+00:00,True,0,48,10:18
shared,2026-10-02T19:35:55.535169+00:00,True,0,48,10:18
shared,2026-10-02T19:36:00.539377+00:00,True,0,48,10:18
shared,2026-10-02T19:36:05.523617+00:00,True,0,48,10:18
shared,2026-10-02T19:36:10.512049+00:00,True,0,48,10:18
shared,2026-10-02T19:36:15.549933+00:00,True,0,48,10:18
shared,2026-10-02T19:36:20.536755+00:00,True,0,48,10:18
shared,2026-10-02T19:36:25.533791+00:00,True,0,49,10:19
shared,2026-10-02T19:36:30.522235+00:00,True,0,49,10:19
shared,2026-10-02T19:36:35.514219+00:00,True,0,49,10:19
shared,2026-10-02T19:36:40.554333+00:00,True,0,49,10:19
shared,2026-10-02T19:36:45.539599+00:00,True,0,49,10:19
shared,2026-10-02T19:36:50.511798+00:00,True,0,49,10:19
shared,2026-10-02T19:36:55.546829+00:00,True,0,49,10:19
shared,2026-10-02T19:37:00.533626+00:00,True,0,49,10:19
shared,2026-10-02T19:37:05.518867+00:00,True,0,49,10:19
shared,2026-10-02T19:37:10.514349+00:00,True,0,49,10:19
shared,2026-10-02T19:37:15.554473+00:00,True,0,49,10:19
shared,2026-10-02T19:37:20.546311+00:00,True,0,49,10:19
shared,2026-10-02T19:37:25.530706+00:00,True,0,50,10:20
shared,2026-10-02T19:37:30.520035+00:00,True,0,50,10:20
shared,2026-10-02T19:37:35.517037+00:00,True,0,50,10:20
shared,2026-10-02T19:37:40.513425+00:00,True,0,50,10:20
shared,2026-10-02T19:37:45.548416+00:00,True,0,50,10:20
shared,2026-10-02T19:37:50.537682+00:00,True,0,50,10:20
shared,2026-10-02T19:37:55.520656+00:00,True,0,50,10:20
shared,2026-10-02T19:38:00.558667+00:00,True,0,50,10:20
shared,2026-10-02T19:38:05.547564+00:00,True,0,50,10:20
shared,2026-10-02T19:38:10.537362+00:00,True,0,50,10:20
shared,2026-10-02T19:38:15.527475+00:00,True,0,50,10:20
shared,2026-10-02T19:38:20.540604+00:00,True,0,50,10:20
shared,2026-10-02T19:38:25.521853+00:00,True,0,51,10:21
shared,2026-10-02T19:38:30.528323+00:00,True,0,51,10:21
shared,2026-10-02T19:38:35.516181+00:00,True,0,51,10:21
shared,2026-10-02T19:38:40.557528+00:00,True,0,51,10:21
shared,2026-10-02T19:38:45.544379+00:00,True,0,51,10:21
shared,2026-10-02T19:38:50.546506+00:00,True,0,51,10:21
shared,2026-10-02T19:38:55.532277+00:00,True,0,51,10:21
shared,2026-10-02T19:39:00.522653+00:00,True,0,51,10:21
shared,2026-10-02T19:39:05.556355+00:00,True,0,51,10:21
shared,2026-10-02T19:39:10.540258+00:00,True,0,51,10:21
shared,2026-10-02T19:39:15.529814+00:00,True,0,51,10:21
shared,2026-10-02T19:39:20.513559+00:00,True,0,51,10:21
shared,2026-10-02T19:39:25.552191+00:00,True,0,52,10:22
shared,2026-10-02T19:39:30.538625+00:00,True,0,52,10:22
shared,2026-10-02T19:39:35.544768+00:00,True,0,52,10:22
shared,2026-10-02T19:39:40.528349+00:00,True,0,52,10:22
shared,2026-10-02T19:39:45.541166+00:00,True,0,52,10:22
shared,2026-10-02T19:39:50.530116+00:00,True,0,52,10:22
shared,2026-10-02T19:39:55.515805+00:00,True,0,52,10:22
shared,2026-10-02T19:40:00.556146+00:00,True,0,52,10:22
shared,2026-10-02T19:40:05.521479+00:00,True,0,52,10:22
shared,2026-10-02T19:40:10.511348+00:00,True,0,52,10:22
shared,2026-10-02T19:40:15.551408+00:00,True,0,52,10:22
shared,2026-10-02T19:40:20.542579+00:00,True,0,52,10:22
shared,2026-10-02T19:40:25.531637+00:00,True,0,53,10:23
shared,2026-10-02T19:40:30.518490+00:00,True,0,53,10:23
shared,2026-10-02T19:40:35.551830+00:00,True,0,53,10:23
shared,2026-10-02T19:40:40.542207+00:00,True,0,53,10:23
shared,2026-10-02T19:40:45.529681+00:00,True,0,53,10:23
shared,2026-10-02T19:40:50.530853+00:00,True,0,53,10:23
shared,2026-10-02T19:40:55.534628+00:00,True,0,53,10:23
shared,2026-10-02T19:41:00.524022+00:00,True,0,53,10:23
shared,2026-10-02T19:41:05.514213+00:00,True,0,53,10:23
shared,2026-10-02T19:41:10.554681+00:00,True,0,53,10:23
shared,2026-10-02T19:41:15.542724+00:00,True,0,53,10:23
shared,2026-10-02T19:41:20.538432+00:00,True,0,53,10:23
shared,2026-10-02T19:41:25.523787+00:00,True,0,54,10:24
shared,2026-10-02T19:41:30.514028+00:00,True,0,54,10:24
shared,2026-10-02T19:41:35.550442+00:00,True,0,54,10:24
shared,2026-10-02T19:41:40.541675+00:00,True,0,54,10:24
shared,2026-10-02T19:41:45.532711+00:00,True,0,54,10:24
shared,2026-10-02T19:41:50.527621+00:00,True,0,54,10:24
shared,2026-10-02T19:41:55.515584+00:00,True,0,54,10:24
shared,2026-10-02T19:42:00.557427+00:00,True,0,54,10:24
shared,2026-10-02T19:42:05.522512+00:00,True,0,54,10:24
shared,2026-10-02T19:42:10.530370+00:00,True,0,54,10:24
shared,2026-10-02T19:42:15.519252+00:00,True,0,54,10:24
shared,2026-10-02T19:42:20.558568+00:00,True,0,54,10:24
shared,2026-10-02T19:42:25.545095+00:00,True,0,55,10:25
shared,2026-10-02T19:42:30.532399+00:00,True,0,55,10:25
shared,2026-10-02T19:42:35.529555+00:00,True,0,55,10:25
shared,2026-10-02T19:42:40.530273+00:00,True,0,55,10:25
shared,2026-10-02T19:42:45.516036+00:00,True,0,55,10:25
shared,2026-10-02T19:42:50.556808+00:00,True,0,55,10:25
shared,2026-10-02T19:42:55.544084+00:00,True,0,55,10:25
shared,2026-10-02T19:43:00.533124+00:00,True,0,55,10:25
shared,2026-10-02T19:43:05.519390+00:00,True,0,55,10:25
shared,2026-10-02T19:43:10.558735+00:00,True,0,55,10:25
shared,2026-10-02T19:43:15.540314+00:00,True,0,55,10:25
shared,2026-10-02T19:43:20.516682+00:00,True,0,55,10:25
shared,2026-10-02T19:43:25.541504+00:00,True,0,56,10:26
shared,2026-10-02T19:43:30.517660+00:00,True,0,56,10:26
shared,2026-10-02T19:43:35.540947+00:00,True,0,56,10:26
shared,2026-10-02T19:43:40.514825+00:00,True,0,56,10:26
shared,2026-10-02T19:43:45.553606+00:00,True,0,56,10:26
shared,2026-10-02T19:43:50.528840+00:00,True,0,56,10:26
shared,2026-10-02T19:43:55.557665+00:00,True,0,56,10:26
shared,2026-10-02T19:44:00.549801+00:00,True,0,56,10:26
shared,2026-10-02T19:44:05.537216+00:00,True,0,56,10:26
shared,2026-10-02T19:44:10.530302+00:00,True,0,56,10:26
shared,2026-10-02T19:44:15.524054+00:00,True,0,56,10:26
shared,2026-10-02T19:44:20.516911+00:00,True,0,56,10:26
shared,2026-10-02T19:44:25.558451+00:00,True,0,57,10:27
shared,2026-10-02T19:44:30.524825+00:00,True,0,57,10:27
shared,2026-10-02T19:44:35.513539+00:00,True,0,57,10:27
shared,2026-10-02T19:44:40.520004+00:00,True,0,57,10:27
shared,2026-10-02T19:44:45.558155+00:00,True,0,57,10:27
shared,2026-10-02T19:44:50.550225+00:00,True,0,57,10:27
shared,2026-10-02T19:44:55.535226+00:00,True,0,57,10:27
shared,2026-10-02T19:45:00.536718+00:00,True,0,57,10:27
shared,2026-10-02T19:45:05.555852+00:00,True,0,57,10:27
shared,2026-10-02T19:45:10.547872+00:00,True,0,57,10:27
shared,2026-10-02T19:45:15.537479+00:00,True,0,57,10:27
shared,2026-10-02T19:45:20.527799+00:00,True,0,57,10:27
shared,2026-10-02T19:45:25.519407+00:00,True,0,58,10:28
shared,2026-10-02T19:45:30.512875+00:00,True,0,58,10:28
shared,2026-10-02T19:45:35.553351+00:00,True,0,58,10:28
shared,2026-10-02T19:45:40.548134+00:00,True,0,58,10:28
shared,2026-10-02T19:45:45.546423+00:00,True,0,58,10:28
shared,2026-10-02T19:45:50.509582+00:00,True,0,58,10:28
shared,2026-10-02T19:45:55.545500+00:00,True,0,58,10:28
shared,2026-10-02T19:46:00.533842+00:00,True,0,58,10:28
shared,2026-10-02T19:46:05.519264+00:00,True,0,58,10:28
shared,2026-10-02T19:46:10.511681+00:00,True,0,58,10:28
shared,2026-10-02T19:46:15.509735+00:00,True,0,58,10:28
shared,2026-10-02T19:46:20.550887+00:00,True,0,58,10:28
shared,2026-10-02T19:46:25.538324+00:00,True,0,59,10:29
shared,2026-10-02T19:46:30.524533+00:00,True,0,59,10:29
shared,2026-10-02T19:46:35.512878+00:00,True,0,59,10:29
shared,2026-10-02T19:46:40.558034+00:00,True,0,59,10:29
shared,2026-10-02T19:46:45.547769+00:00,True,0,59,10:29
shared,2026-10-02T19:46:50.535279+00:00,True,0,59,10:29
shared,2026-10-02T19:46:55.519060+00:00,True,0,59,10:29
shared,2026-10-02T19:47:00.516586+00:00,True,0,59,10:29
shared,2026-10-02T19:47:05.522463+00:00,True,0,59,10:29
shared,2026-10-02T19:47:10.512395+00:00,True,0,59,10:29
shared,2026-10-02T19:47:15.552673+00:00,True,0,59,10:29
shared,2026-10-02T19:47:20.541429+00:00,True,0,59,10:29
shared,2026-10-02T19:47:25.525103+00:00,True,0,60,10:30
shared,2026-10-02T19:47:30.511731+00:00,True,0,60,10:30
shared,2026-10-02T19:47:35.543810+00:00,True,0,60,10:30
shared,2026-10-02T19:47:40.531368+00:00,True,0,60,10:30
shared,2026-10-02T19:47:45.532236+00:00,True,0,60,10:30
shared,2026-10-02T19:47:50.520378+00:00,True,0,60,10:30
