market_time,symbol,price
09:30,AAPL,331.61
09:30,GOOG,341.91
09:30,NVDA,229.32
09:31,AAPL,332.30
09:31,GOOG,343.80
09:31,NVDA,230.15
09:32,AAPL,332.42
09:32,GOOG,343.33
09:32,NVDA,230.13
09:33,AAPL,332.61
09:33,GOOG,343.16
09:33,NVDA,230.49
09:34,AAPL,331.94
09:34,GOOG,343.77
09:34,NVDA,231.04
09:35,AAPL,332.74
09:35,GOOG,342.54
09:35,NVDA,230.22
09:36,AAPL,332.62
09:36,GOOG,342.29
09:36,NVDA,230.57
09:37,AAPL,332.77
09:37,GOOG,342.45
09:37,NVDA,230.45
09:38,AAPL,332.76
09:38,GOOG,342.70
09:38,NVDA,230.59
09:39,AAPL,332.59
09:39,GOOG,343.11
09:39,NVDA,230.77
09:40,AAPL,332.28
09:40,GOOG,343.60
09:40,NVDA,230.72
09:41,AAPL,332.63
09:41,GOOG,344.59
09:41,NVDA,230.70
09:42,AAPL,332.58
09:42,GOOG,344.11
09:42,NVDA,230.31
09:43,AAPL,332.58
09:43,GOOG,344.17
09:43,NVDA,230.44
09:44,AAPL,332.45
09:44,GOOG,343.79
09:44,NVDA,230.55
09:45,AAPL,332.33
09:45,GOOG,344.06
09:45,NVDA,230.64
09:46,AAPL,332.60
09:46,GOOG,344.25
09:46,NVDA,230.65
09:47,AAPL,332.63
09:47,GOOG,344.58
09:47,NVDA,230.78
09:48,AAPL,332.82
09:48,GOOG,344.52
09:48,NVDA,230.88
09:49,AAPL,333.38
09:49,GOOG,345.29
09:49,NVDA,230.99
09:50,AAPL,333.82
09:50,GOOG,344.81
09:50,NVDA,230.60
09:51,AAPL,334.05
09:51,GOOG,344.80
09:51,NVDA,230.34
09:52,AAPL,334.08
09:52,GOOG,344.93
09:52,NVDA,230.57
09:53,AAPL,334.08
09:53,GOOG,344.56
09:53,NVDA,230.58
09:54,AAPL,334.81
09:54,GOOG,345.10
09:54,NVDA,230.95
09:55,AAPL,334.83
09:55,GOOG,345.61
09:55,NVDA,230.74
09:56,AAPL,334.71
09:56,GOOG,345.71
09:56,NVDA,230.57
09:57,AAPL,334.70
09:57,GOOG,345.91
09:57,NVDA,230.64
09:58,AAPL,335.21
09:58,GOOG,346.39
09:58,NVDA,230.66
09:59,AAPL,335.77
09:59,GOOG,346.23
09:59,NVDA,231.40
10:00,AAPL,336.15
10:00,GOOG,347.01
10:00,NVDA,231.82
10:01,AAPL,337.17
10:01,GOOG,347.65
10:01,NVDA,232.13
10:02,AAPL,337.39
10:02,GOOG,347.70
10:02,NVDA,231.60
10:03,AAPL,337.82
10:03,GOOG,347.30
10:03,NVDA,231.69
10:04,AAPL,338.16
10:04,GOOG,347.62
10:04,NVDA,231.43
10:05,AAPL,338.42
10:05,GOOG,347.55
10:05,NVDA,230.97
10:06,AAPL,338.59
10:06,GOOG,347.61
10:06,NVDA,231.27
10:07,AAPL,339.08
10:07,GOOG,348.03
10:07,NVDA,230.94
10:08,AAPL,339.16
10:08,GOOG,348.19
10:08,NVDA,230.52
10:09,AAPL,339.11
10:09,GOOG,348.48
10:09,NVDA,230.38
10:10,AAPL,338.47
10:10,GOOG,347.97
10:10,NVDA,230.35
10:11,AAPL,338.21
10:11,GOOG,347.87
10:11,NVDA,229.91
10:12,AAPL,338.12
10:12,GOOG,346.96
10:12,NVDA,230.46
10:13,AAPL,337.82
10:13,GOOG,346.71
10:13,NVDA,230.39
10:14,AAPL,337.42
10:14,GOOG,346.78
10:14,NVDA,230.69
10:15,AAPL,336.98
10:15,GOOG,347.00
10:15,NVDA,230.68
10:16,AAPL,337.34
10:16,GOOG,347.17
10:16,NVDA,230.72
10:17,AAPL,337.52
10:17,GOOG,347.28
10:17,NVDA,230.55
10:18,AAPL,337.08
10:18,GOOG,347.14
10:18,NVDA,230.84
10:19,AAPL,337.57
10:19,GOOG,346.79
10:19,NVDA,231.02
10:20,AAPL,337.92
10:20,GOOG,346.46
10:20,NVDA,231.04
10:21,AAPL,337.86
10:21,GOOG,346.15
10:21,NVDA,231.26
10:22,AAPL,338.05
10:22,GOOG,346.15
10:22,NVDA,231.17
10:23,AAPL,337.83
10:23,GOOG,346.08
10:23,NVDA,231.35
10:24,AAPL,337.68
10:24,GOOG,345.64
10:24,NVDA,231.12
10:25,AAPL,337.97
10:25,GOOG,345.70
10:25,NVDA,231.13
10:26,AAPL,337.88
10:26,GOOG,345.88
10:26,NVDA,231.06
10:27,AAPL,338.10
10:27,GOOG,345.82
10:27,NVDA,231.12
10:28,AAPL,337.70
10:28,GOOG,345.36
10:28,NVDA,231.02
10:29,AAPL,338.15
10:29,GOOG,345.54
10:29,NVDA,231.05
10:30,AAPL,338.19
10:30,GOOG,345.52
10:30,NVDA,231.09
10:31,AAPL,338.24
10:31,GOOG,345.48
10:31,NVDA,231.12
10:32,AAPL,338.16
10:32,GOOG,345.24
10:32,NVDA,230.97
10:33,AAPL,338.14
10:33,GOOG,345.08
10:33,NVDA,230.92
10:34,AAPL,338.14
10:34,GOOG,344.92
10:34,NVDA,230.58
10:35,AAPL,337.92
10:35,GOOG,344.80
10:35,NVDA,230.46
10:36,AAPL,338.27
10:36,GOOG,344.73
10:36,NVDA,230.21
10:37,AAPL,338.83
10:37,GOOG,344.66
10:37,NVDA,230.43
10:38,AAPL,338.90
10:38,GOOG,344.88
10:38,NVDA,230.63
10:39,AAPL,338.76
10:39,GOOG,344.74
10:39,NVDA,230.65
10:40,AAPL,338.95
10:40,GOOG,345.08
10:40,NVDA,230.59
10:41,AAPL,339.09
10:41,GOOG,344.86
10:41,NVDA,230.59
10:42,AAPL,338.78
10:42,GOOG,344.82
10:42,NVDA,230.71
10:43,AAPL,338.39
10:43,GOOG,344.42
10:43,NVDA,230.54
10:44,AAPL,338.48
10:44,GOOG,344.20
10:44,NVDA,230.41
10:45,AAPL,338.74
10:45,GOOG,344.83
10:45,NVDA,230.49
10:46,AAPL,338.67
10:46,GOOG,344.48
10:46,NVDA,230.21
10:47,AAPL,338.47
10:47,GOOG,344.55
10:47,NVDA,230.26
10:48,AAPL,338.53
10:48,GOOG,344.57
10:48,NVDA,230.59
10:49,AAPL,339.17
10:49,GOOG,344.72
10:49,NVDA,230.76
10:50,AAPL,338.94
10:50,GOOG,345.10
10:50,NVDA,230.66
10:51,AAPL,338.80
10:51,GOOG,345.07
10:51,NVDA,230.49
10:52,AAPL,338.87
10:52,GOOG,345.18
10:52,NVDA,230.57
10:53,AAPL,339.02
10:53,GOOG,345.18
10:53,NVDA,230.80
10:54,AAPL,338.90
10:54,GOOG,345.27
10:54,NVDA,231.09
10:55,AAPL,338.62
10:55,GOOG,345.20
10:55,NVDA,231.12
10:56,AAPL,338.70
10:56,GOOG,345.12
10:56,NVDA,231.00
10:57,AAPL,338.87
10:57,GOOG,345.14
10:57,NVDA,230.94
10:58,AAPL,338.50
10:58,GOOG,344.58
10:58,NVDA,230.89
10:59,AAPL,338.40
10:59,GOOG,344.49
10:59,NVDA,230.68
11:00,AAPL,338.18
11:00,GOOG,343.80
11:00,NVDA,230.93
11:01,AAPL,338.11
11:01,GOOG,343.78
11:01,NVDA,230.76
11:02,AAPL,337.99
11:02,GOOG,344.24
11:02,NVDA,230.77
11:03,AAPL,338.23
11:03,GOOG,344.39
11:03,NVDA,230.76
11:04,AAPL,338.25
11:04,GOOG,344.49
11:04,NVDA,230.89
11:05,AAPL,338.19
11:05,GOOG,344.41
11:05,NVDA,230.59
11:06,AAPL,338.08
11:06,GOOG,344.70
11:06,NVDA,230.68
11:07,AAPL,337.79
11:07,GOOG,344.36
11:07,NVDA,230.58
11:08,AAPL,337.96
11:08,GOOG,344.61
11:08,NVDA,230.68
11:09,AAPL,337.95
11:09,GOOG,344.96
11:09,NVDA,230.77
11:10,AAPL,337.90
11:10,GOOG,345.40
11:10,NVDA,230.83
11:11,AAPL,337.61
11:11,GOOG,345.23
11:11,NVDA,230.65
11:12,AAPL,337.77
11:12,GOOG,345.51
11:12,NVDA,230.64
11:13,AAPL,337.97
11:13,GOOG,345.87
11:13,NVDA,230.64
11:14,AAPL,337.46
11:14,GOOG,346.42
11:14,NVDA,230.41
11:15,AAPL,337.54
11:15,GOOG,347.19
11:15,NVDA,230.52
11:16,AAPL,337.52
11:16,GOOG,347.38
11:16,NVDA,230.54
11:17,AAPL,337.47
11:17,GOOG,347.33
11:17,NVDA,230.47
11:18,AAPL,337.49
11:18,GOOG,347.15
11:18,NVDA,230.35
11:19,AAPL,337.38
11:19,GOOG,346.93
11:19,NVDA,230.38
11:20,AAPL,337.34
11:20,GOOG,346.67
11:20,NVDA,230.13
11:21,AAPL,337.40
11:21,GOOG,346.75
11:21,NVDA,230.13
11:22,AAPL,337.29
11:22,GOOG,346.86
11:22,NVDA,230.08
11:23,AAPL,337.37
11:23,GOOG,346.89
11:23,NVDA,230.22
11:24,AAPL,337.13
11:24,GOOG,347.16
11:24,NVDA,230.11
11:25,AAPL,337.06
11:25,GOOG,347.17
11:25,NVDA,230.09
11:26,AAPL,337.14
11:26,GOOG,347.08
11:26,NVDA,230.11
11:27,AAPL,337.36
11:27,GOOG,347.10
11:27,NVDA,230.23
11:28,AAPL,337.30
11:28,GOOG,347.21
11:28,NVDA,230.23
11:29,AAPL,337.36
11:29,GOOG,347.46
11:29,NVDA,230.35
11:30,AAPL,337.32
11:30,GOOG,347.56
11:30,NVDA,230.32
11:31,AAPL,337.31
11:31,GOOG,347.45
11:31,NVDA,230.52
11:32,AAPL,337.28
11:32,GOOG,347.62
11:32,NVDA,230.61
11:33,AAPL,337.40
11:33,GOOG,347.48
11:33,NVDA,230.62
11:34,AAPL,337.50
11:34,GOOG,347.85
11:34,NVDA,230.57
11:35,AAPL,337.51
11:35,GOOG,347.96
11:35,NVDA,230.66
11:36,AAPL,337.57
11:36,GOOG,347.68
11:36,NVDA,230.58
11:37,AAPL,337.82
11:37,GOOG,347.65
11:37,NVDA,230.63
11:38,AAPL,337.72
11:38,GOOG,347.61
11:38,NVDA,230.74
11:39,AAPL,337.96
11:39,GOOG,347.69
11:39,NVDA,230.72
11:40,AAPL,338.00
11:40,GOOG,347.85
11:40,NVDA,230.83
11:41,AAPL,337.65
11:41,GOOG,348.06
11:41,NVDA,230.71
11:42,AAPL,337.64
11:42,GOOG,347.83
11:42,NVDA,230.78
11:43,AAPL,337.65
11:43,GOOG,347.49
11:43,NVDA,230.65
11:44,AAPL,337.79
11:44,GOOG,347.52
11:44,NVDA,230.46
11:45,AAPL,337.77
11:45,GOOG,347.47
11:45,NVDA,230.51
11:46,AAPL,337.83
11:46,GOOG,347.38
11:46,NVDA,230.59
11:47,AAPL,337.82
11:47,GOOG,347.94
11:47,NVDA,230.71
11:48,AAPL,337.92
11:48,GOOG,348.52
11:48,NVDA,230.82
11:49,AAPL,338.30
11:49,GOOG,348.71
11:49,NVDA,231.10
11:50,AAPL,338.24
11:50,GOOG,348.54
11:50,NVDA,231.12
11:51,AAPL,337.89
11:51,GOOG,348.36
11:51,NVDA,231.11
11:52,AAPL,337.70
11:52,GOOG,348.19
11:52,NVDA,231.04
11:53,AAPL,337.71
11:53,GOOG,348.45
11:53,NVDA,231.07
11:54,AAPL,337.39
11:54,GOOG,348.19
11:54,NVDA,230.76
11:55,AAPL,337.34
11:55,GOOG,348.34
11:55,NVDA,230.76
11:56,AAPL,337.39
11:56,GOOG,348.00
11:56,NVDA,230.70
11:57,AAPL,337.45
11:57,GOOG,348.12
11:57,NVDA,230.89
11:58,AAPL,337.39
11:58,GOOG,348.18
11:58,NVDA,230.93
11:59,AAPL,337.55
11:59,GOOG,348.24
11:59,NVDA,230.98
12:00,AAPL,337.63
12:00,GOOG,347.58
12:00,NVDA,230.87
12:01,AAPL,337.53
12:01,GOOG,347.78
12:01,NVDA,230.71
12:02,AAPL,337.49
12:02,GOOG,348.14
12:02,NVDA,230.77
12:03,AAPL,337.47
12:03,GOOG,348.14
12:03,NVDA,230.81
12:04,AAPL,337.59
12:04,GOOG,347.69
12:04,NVDA,230.80
12:05,AAPL,337.39
12:05,GOOG,347.67
12:05,NVDA,230.82
12:06,AAPL,337.28
12:06,GOOG,347.61
12:06,NVDA,230.76
12:07,AAPL,337.07
12:07,GOOG,347.42
12:07,NVDA,230.54
12:08,AAPL,337.20
12:08,GOOG,347.75
12:08,NVDA,230.76
12:09,AAPL,337.01
12:09,GOOG,347.95
12:09,NVDA,230.66
12:10,AAPL,336.90
12:10,GOOG,348.33
12:10,NVDA,230.67
12:11,AAPL,337.18
12:11,GOOG,348.38
12:11,NVDA,230.54
12:12,AAPL,336.86
12:12,GOOG,348.16
12:12,NVDA,230.42
12:13,AAPL,337.04
12:13,GOOG,348.48
12:13,NVDA,230.41
12:14,AAPL,336.83
12:14,GOOG,348.68
12:14,NVDA,230.79
12:15,AAPL,336.76
12:15,GOOG,348.67
12:15,NVDA,230.71
12:16,AAPL,336.73
12:16,GOOG,348.42
12:16,NVDA,230.93
12:17,AAPL,336.61
12:17,GOOG,348.32
12:17,NVDA,230.31
12:18,AAPL,336.66
12:18,GOOG,348.18
12:18,NVDA,230.46
12:19,AAPL,336.71
12:19,GOOG,348.66
12:19,NVDA,230.48
12:20,AAPL,336.60
12:20,GOOG,348.64
12:20,NVDA,230.43
12:21,AAPL,336.74
12:21,GOOG,348.53
12:21,NVDA,230.48
12:22,AAPL,336.65
12:22,GOOG,348.48
12:22,NVDA,230.48
12:23,AAPL,336.71
12:23,GOOG,348.54
12:23,NVDA,230.48
12:24,AAPL,336.67
12:24,GOOG,348.69
12:24,NVDA,230.45
12:25,AAPL,336.81
12:25,GOOG,348.88
12:25,NVDA,230.41
12:26,AAPL,336.66
12:26,GOOG,348.98
12:26,NVDA,230.45
12:27,AAPL,336.65
12:27,GOOG,348.77
12:27,NVDA,230.45
12:28,AAPL,336.67
12:28,GOOG,348.46
12:28,NVDA,230.42
12:29,AAPL,336.74
12:29,GOOG,348.52
12:29,NVDA,230.31
12:30,AAPL,336.72
12:30,GOOG,348.59
12:30,NVDA,230.08
12:31,AAPL,336.65
12:31,GOOG,348.56
12:31,NVDA,230.25
12:32,AAPL,336.66
12:32,GOOG,348.53
12:32,NVDA,230.24
12:33,AAPL,336.58
12:33,GOOG,348.52
12:33,NVDA,230.25
12:34,AAPL,336.59
12:34,GOOG,348.30
12:34,NVDA,230.35
12:35,AAPL,336.62
12:35,GOOG,348.22
12:35,NVDA,230.29
12:36,AAPL,336.45
12:36,GOOG,348.27
12:36,NVDA,230.16
12:37,AAPL,336.48
12:37,GOOG,348.28
12:37,NVDA,230.20
12:38,AAPL,336.58
12:38,GOOG,348.25
12:38,NVDA,230.32
12:39,AAPL,336.55
12:39,GOOG,348.10
12:39,NVDA,230.26
12:40,AAPL,336.58
12:40,GOOG,347.96
12:40,NVDA,230.39
12:41,AAPL,336.71
12:41,GOOG,348.08
12:41,NVDA,230.45
12:42,AAPL,336.61
12:42,GOOG,348.02
12:42,NVDA,230.49
12:43,AAPL,336.70
12:43,GOOG,348.34
12:43,NVDA,230.48
12:44,AAPL,336.85
12:44,GOOG,348.23
12:44,NVDA,230.37
12:45,AAPL,336.70
12:45,GOOG,347.91
12:45,NVDA,230.24
12:46,AAPL,336.82
12:46,GOOG,347.99
12:46,NVDA,230.28
12:47,AAPL,336.75
12:47,GOOG,347.85
12:47,NVDA,230.38
12:48,AAPL,336.56
12:48,GOOG,347.81
12:48,NVDA,230.29
12:49,AAPL,336.64
12:49,GOOG,347.70
12:49,NVDA,230.28
12:50,AAPL,336.70
12:50,GOOG,347.89
12:50,NVDA,230.23
12:51,AAPL,336.40
12:51,GOOG,347.90
12:51,NVDA,230.25
12:52,AAPL,336.23
12:52,GOOG,348.12
12:52,NVDA,230.30
12:53,AAPL,336.14
12:53,GOOG,348.12
12:53,NVDA,230.27
12:54,AAPL,336.18
12:54,GOOG,348.15
12:54,NVDA,230.27
12:55,AAPL,336.07
12:55,GOOG,348.19
12:55,NVDA,230.28
12:56,AAPL,336.10
12:56,GOOG,348.14
12:56,NVDA,230.27
12:57,AAPL,336.14
12:57,GOOG,348.36
12:57,NVDA,230.38
12:58,AAPL,336.16
12:58,GOOG,348.41
12:58,NVDA,230.41
12:59,AAPL,336.44
12:59,GOOG,348.47
12:59,NVDA,230.57
13:00,AAPL,336.46
13:00,GOOG,348.14
13:00,NVDA,230.52
13:01,AAPL,336.35
13:01,GOOG,348.52
13:01,NVDA,230.55
13:02,AAPL,336.34
13:02,GOOG,348.35
13:02,NVDA,230.56
13:03,AAPL,336.29
13:03,GOOG,348.23
13:03,NVDA,230.66
13:04,AAPL,336.30
13:04,GOOG,348.10
13:04,NVDA,230.57
13:05,AAPL,336.20
13:05,GOOG,348.06
13:05,NVDA,230.61
13:06,AAPL,336.18
13:06,GOOG,348.23
13:06,NVDA,230.85
13:07,AAPL,336.11
13:07,GOOG,348.24
13:07,NVDA,230.78
13:08,AAPL,336.37
13:08,GOOG,348.36
13:08,NVDA,231.00
13:09,AAPL,336.19
13:09,GOOG,348.14
13:09,NVDA,230.80
13:10,AAPL,336.09
13:10,GOOG,348.02
13:10,NVDA,230.69
13:11,AAPL,336.12
13:11,GOOG,348.05
13:11,NVDA,230.80
13:12,AAPL,336.16
13:12,GOOG,348.10
13:12,NVDA,230.79
13:13,AAPL,335.95
13:13,GOOG,347.85
13:13,NVDA,230.66
13:14,AAPL,335.98
13:14,GOOG,347.88
13:14,NVDA,230.58
13:15,AAPL,335.75
13:15,GOOG,347.66
13:15,NVDA,230.40
13:16,AAPL,335.73
13:16,GOOG,347.35
13:16,NVDA,230.48
13:17,AAPL,335.67
13:17,GOOG,347.40
13:17,NVDA,230.50
13:18,AAPL,335.73
13:18,GOOG,347.43
13:18,NVDA,230.37
13:19,AAPL,335.60
13:19,GOOG,347.28
13:19,NVDA,230.22
13:20,AAPL,335.52
13:20,GOOG,347.39
13:20,NVDA,230.19
13:21,AAPL,335.60
13:21,GOOG,347.26
13:21,NVDA,230.34
13:22,AAPL,335.76
13:22,GOOG,347.43
13:22,NVDA,230.38
13:23,AAPL,335.62
13:23,GOOG,347.41
13:23,NVDA,230.35
13:24,AAPL,335.67
13:24,GOOG,347.34
13:24,NVDA,230.39
13:25,AAPL,335.57
13:25,GOOG,347.00
13:25,NVDA,230.21
13:26,AAPL,335.38
13:26,GOOG,346.58
13:26,NVDA,230.14
13:27,AAPL,335.55
13:27,GOOG,346.70
13:27,NVDA,230.16
13:28,AAPL,335.68
13:28,GOOG,346.61
13:28,NVDA,230.22
13:29,AAPL,335.79
13:29,GOOG,346.75
13:29,NVDA,230.20
13:30,AAPL,335.80
13:30,GOOG,346.98
13:30,NVDA,230.29
13:31,AAPL,335.92
13:31,GOOG,346.86
13:31,NVDA,230.38
13:32,AAPL,335.91
13:32,GOOG,346.96
13:32,NVDA,230.43
13:33,AAPL,335.84
13:33,GOOG,346.69
13:33,NVDA,230.32
13:34,AAPL,335.85
13:34,GOOG,346.77
13:34,NVDA,230.27
13:35,AAPL,335.86
13:35,GOOG,346.90
13:35,NVDA,230.40
13:36,AAPL,335.84
13:36,GOOG,346.87
13:36,NVDA,230.40
13:37,AAPL,335.96
13:37,GOOG,346.65
13:37,NVDA,230.30
13:38,AAPL,335.84
13:38,GOOG,346.70
13:38,NVDA,230.35
13:39,AAPL,335.95
13:39,GOOG,346.85
13:39,NVDA,230.38
13:40,AAPL,336.15
13:40,GOOG,346.66
13:40,NVDA,230.34
13:41,AAPL,336.49
13:41,GOOG,346.78
13:41,NVDA,230.26
13:42,AAPL,336.38
13:42,GOOG,346.72
13:42,NVDA,230.06
13:43,AAPL,336.18
13:43,GOOG,346.63
13:43,NVDA,229.90
13:44,AAPL,336.20
13:44,GOOG,346.64
13:44,NVDA,229.98
13:45,AAPL,336.20
13:45,GOOG,346.53
13:45,NVDA,229.87
13:46,AAPL,336.27
13:46,GOOG,346.52
13:46,NVDA,230.00
13:47,AAPL,336.36
13:47,GOOG,346.65
13:47,NVDA,230.04
13:48,AAPL,336.67
13:48,GOOG,346.82
13:48,NVDA,230.29
13:49,AAPL,336.80
13:49,GOOG,346.65
13:49,NVDA,230.40
13:50,AAPL,336.74
13:50,GOOG,346.62
13:50,NVDA,230.46
13:51,AAPL,336.83
13:51,GOOG,346.57
13:51,NVDA,230.54
13:52,AAPL,336.62
13:52,GOOG,346.54
13:52,NVDA,230.46
13:53,AAPL,336.62
13:53,GOOG,346.66
13:53,NVDA,230.39
13:54,AAPL,336.65
13:54,GOOG,346.73
13:54,NVDA,230.38
13:55,AAPL,336.61
13:55,GOOG,346.54
13:55,NVDA,230.16
13:56,AAPL,336.71
13:56,GOOG,346.32
13:56,NVDA,230.24
13:57,AAPL,336.77
13:57,GOOG,346.28
13:57,NVDA,230.29
13:58,AAPL,336.74
13:58,GOOG,346.29
13:58,NVDA,230.44
13:59,AAPL,336.45
13:59,GOOG,346.18
13:59,NVDA,230.44
14:00,AAPL,336.07
14:00,GOOG,346.22
14:00,NVDA,230.30
14:01,AAPL,336.12
14:01,GOOG,346.25
14:01,NVDA,230.24
14:02,AAPL,336.23
14:02,GOOG,346.27
14:02,NVDA,230.24
14:03,AAPL,336.23
14:03,GOOG,346.27
14:03,NVDA,230.35
14:04,AAPL,336.29
14:04,GOOG,346.22
14:04,NVDA,230.35
14:05,AAPL,336.17
14:05,GOOG,346.14
14:05,NVDA,230.30
14:06,AAPL,336.02
14:06,GOOG,345.87
14:06,NVDA,230.26
14:07,AAPL,336.07
14:07,GOOG,345.83
14:07,NVDA,230.35
14:08,AAPL,336.18
14:08,GOOG,345.68
14:08,NVDA,230.37
14:09,AAPL,336.30
14:09,GOOG,345.77
14:09,NVDA,230.54
14:10,AAPL,336.39
14:10,GOOG,345.82
14:10,NVDA,230.56
14:11,AAPL,336.55
14:11,GOOG,345.97
14:11,NVDA,230.59
14:12,AAPL,336.53
14:12,GOOG,346.32
14:12,NVDA,230.73
14:13,AAPL,336.58
14:13,GOOG,345.84
14:13,NVDA,230.67
14:14,AAPL,336.64
14:14,GOOG,345.95
14:14,NVDA,230.79
14:15,AAPL,336.48
14:15,GOOG,345.97
14:15,NVDA,230.84
14:16,AAPL,336.47
14:16,GOOG,346.09
14:16,NVDA,230.79
14:17,AAPL,336.44
14:17,GOOG,345.75
14:17,NVDA,230.78
14:18,AAPL,336.41
14:18,GOOG,345.73
14:18,NVDA,230.79
14:19,AAPL,336.17
14:19,GOOG,345.58
14:19,NVDA,230.65
14:20,AAPL,336.15
14:20,GOOG,345.67
14:20,NVDA,230.60
14:21,AAPL,336.12
14:21,GOOG,345.67
14:21,NVDA,230.52
14:22,AAPL,336.15
14:22,GOOG,345.65
14:22,NVDA,230.53
14:23,AAPL,336.35
14:23,GOOG,345.62
14:23,NVDA,230.58
14:24,AAPL,336.16
14:24,GOOG,345.67
14:24,NVDA,230.61
14:25,AAPL,336.21
14:25,GOOG,345.70
14:25,NVDA,230.46
14:26,AAPL,336.20
14:26,GOOG,345.73
14:26,NVDA,230.57
14:27,AAPL,336.30
14:27,GOOG,345.75
14:27,NVDA,230.51
14:28,AAPL,336.42
14:28,GOOG,345.81
14:28,NVDA,230.58
14:29,AAPL,336.33
14:29,GOOG,345.86
14:29,NVDA,230.79
14:30,AAPL,336.36
14:30,GOOG,345.72
14:30,NVDA,230.81
14:31,AAPL,336.26
14:31,GOOG,345.54
14:31,NVDA,230.63
14:32,AAPL,336.11
14:32,GOOG,345.47
14:32,NVDA,230.61
14:33,AAPL,335.93
14:33,GOOG,345.40
14:33,NVDA,230.60
14:34,AAPL,336.02
14:34,GOOG,345.23
14:34,NVDA,230.60
14:35,AAPL,336.01
14:35,GOOG,345.36
14:35,NVDA,230.54
14:36,AAPL,336.02
14:36,GOOG,345.41
14:36,NVDA,230.55
14:37,AAPL,336.26
14:37,GOOG,345.56
14:37,NVDA,230.57
14:38,AAPL,336.46
14:38,GOOG,345.58
14:38,NVDA,230.60
14:39,AAPL,336.52
14:39,GOOG,345.58
14:39,NVDA,230.62
14:40,AAPL,336.39
14:40,GOOG,345.58
14:40,NVDA,230.58
14:41,AAPL,336.47
14:41,GOOG,345.65
14:41,NVDA,230.60
14:42,AAPL,336.63
14:42,GOOG,345.77
14:42,NVDA,230.61
14:43,AAPL,336.71
14:43,GOOG,345.71
14:43,NVDA,230.64
14:44,AAPL,336.71
14:44,GOOG,345.61
14:44,NVDA,230.68
14:45,AAPL,336.75
14:45,GOOG,345.39
14:45,NVDA,230.55
14:46,AAPL,336.90
14:46,GOOG,345.79
14:46,NVDA,230.52
14:47,AAPL,336.96
14:47,GOOG,345.83
14:47,NVDA,230.51
14:48,AAPL,336.64
14:48,GOOG,345.78
14:48,NVDA,230.47
14:49,AAPL,336.70
14:49,GOOG,346.02
14:49,NVDA,230.52
14:50,AAPL,336.70
14:50,GOOG,346.08
14:50,NVDA,230.58
14:51,AAPL,336.59
14:51,GOOG,345.76
14:51,NVDA,230.49
14:52,AAPL,336.51
14:52,GOOG,345.83
14:52,NVDA,230.52
14:53,AAPL,336.45
14:53,GOOG,345.73
14:53,NVDA,230.34
14:54,AAPL,336.44
14:54,GOOG,345.99
14:54,NVDA,230.34
14:55,AAPL,336.49
14:55,GOOG,345.82
14:55,NVDA,230.41
14:56,AAPL,336.36
14:56,GOOG,345.89
14:56,NVDA,230.38
14:57,AAPL,336.30
14:57,GOOG,345.91
14:57,NVDA,230.40
14:58,AAPL,336.29
14:58,GOOG,345.91
14:58,NVDA,230.38
14:59,AAPL,336.38
14:59,GOOG,345.77
14:59,NVDA,230.38
15:00,AAPL,336.62
15:00,GOOG,345.78
15:00,NVDA,230.50
15:01,AAPL,336.58
15:01,GOOG,345.95
15:01,NVDA,230.54
15:02,AAPL,336.64
15:02,GOOG,346.08
15:02,NVDA,230.49
15:03,AAPL,336.60
15:03,GOOG,346.16
15:03,NVDA,230.59
15:04,AAPL,336.52
15:04,GOOG,346.26
15:04,NVDA,230.62
15:05,AAPL,336.41
15:05,GOOG,346.26
15:05,NVDA,230.58
15:06,AAPL,336.48
15:06,GOOG,346.19
15:06,NVDA,230.71
15:07,AAPL,336.43
15:07,GOOG,346.19
15:07,NVDA,230.72
15:08,AAPL,336.36
15:08,GOOG,346.27
15:08,NVDA,230.69
15:09,AAPL,336.43
15:09,GOOG,346.08
15:09,NVDA,230.71
15:10,AAPL,336.18
15:10,GOOG,345.72
15:10,NVDA,230.66
15:11,AAPL,336.24
15:11,GOOG,345.65
15:11,NVDA,230.61
15:12,AAPL,336.28
15:12,GOOG,345.83
15:12,NVDA,230.62
15:13,AAPL,336.06
15:13,GOOG,345.90
15:13,NVDA,230.60
15:14,AAPL,336.07
15:14,GOOG,346.01
15:14,NVDA,230.72
15:15,AAPL,335.75
15:15,GOOG,345.92
15:15,NVDA,230.50
15:16,AAPL,335.62
15:16,GOOG,345.82
15:16,NVDA,230.46
15:17,AAPL,335.62
15:17,GOOG,345.77
15:17,NVDA,230.76
15:18,AAPL,335.48
15:18,GOOG,345.59
15:18,NVDA,230.74
15:19,AAPL,335.59
15:19,GOOG,345.55
15:19,NVDA,230.87
15:20,AAPL,335.68
15:20,GOOG,345.46
15:20,NVDA,230.83
15:21,AAPL,335.59
15:21,GOOG,345.41
15:21,NVDA,230.71
15:22,AAPL,335.74
15:22,GOOG,345.45
15:22,NVDA,230.69
15:23,AAPL,335.52
15:23,GOOG,345.34
15:23,NVDA,230.65
15:24,AAPL,335.56
15:24,GOOG,345.31
15:24,NVDA,230.57
15:25,AAPL,335.30
15:25,GOOG,345.37
15:25,NVDA,230.60
15:26,AAPL,335.31
15:26,GOOG,345.37
15:26,NVDA,230.62
15:27,AAPL,335.42
15:27,GOOG,345.31
15:27,NVDA,230.65
15:28,AAPL,335.38
15:28,GOOG,345.20
15:28,NVDA,230.72
15:29,AAPL,335.64
15:29,GOOG,345.34
15:29,NVDA,230.71
15:30,AAPL,335.42
15:30,GOOG,345.21
15:30,NVDA,230.85
15:31,AAPL,335.53
15:31,GOOG,345.13
15:31,NVDA,230.80
15:32,AAPL,335.43
15:32,GOOG,345.11
15:32,NVDA,230.77
15:33,AAPL,335.42
15:33,GOOG,345.12
15:33,NVDA,230.80
15:34,AAPL,335.51
15:34,GOOG,345.17
15:34,NVDA,230.69
15:35,AAPL,335.39
15:35,GOOG,345.33
15:35,NVDA,230.72
15:36,AAPL,335.32
15:36,GOOG,345.21
15:36,NVDA,230.69
15:37,AAPL,335.27
15:37,GOOG,345.04
15:37,NVDA,230.66
15:38,AAPL,335.19
15:38,GOOG,344.98
15:38,NVDA,230.63
15:39,AAPL,335.46
15:39,GOOG,345.20
15:39,NVDA,230.74
15:40,AAPL,335.12
15:40,GOOG,345.09
15:40,NVDA,230.71
15:41,AAPL,335.22
15:41,GOOG,344.98
15:41,NVDA,230.59
15:42,AAPL,335.02
15:42,GOOG,345.13
15:42,NVDA,230.60
15:43,AAPL,335.18
15:43,GOOG,345.00
15:43,NVDA,230.63
15:44,AAPL,335.24
15:44,GOOG,345.18
15:44,NVDA,230.62
15:45,AAPL,335.20
15:45,GOOG,345.16
15:45,NVDA,230.21
15:46,AAPL,335.20
15:46,GOOG,345.00
15:46,NVDA,230.31
15:47,AAPL,335.02
15:47,GOOG,344.64
15:47,NVDA,230.17
15:48,AAPL,335.22
15:48,GOOG,344.89
15:48,NVDA,230.22
15:49,AAPL,335.27
15:49,GOOG,344.77
15:49,NVDA,230.22
15:50,AAPL,334.44
15:50,GOOG,344.77
15:50,NVDA,230.02
15:51,AAPL,334.33
15:51,GOOG,344.90
15:51,NVDA,230.08
15:52,AAPL,334.60
15:52,GOOG,341.20
15:52,NVDA,230.28
15:53,AAPL,334.41
15:53,GOOG,339.83
15:53,NVDA,230.32
15:54,AAPL,333.27
15:54,GOOG,339.06
15:54,NVDA,229.74
15:55,AAPL,333.27
15:55,GOOG,339.72
15:55,NVDA,229.64
15:56,AAPL,333.36
15:56,GOOG,339.58
15:56,NVDA,229.64
15:57,AAPL,333.54
15:57,GOOG,340.73
15:57,NVDA,229.53
15:58,AAPL,333.73
15:58,GOOG,341.24
15:58,NVDA,229.17
15:59,AAPL,333.01
15:59,GOOG,340.68
15:59,NVDA,228.29
