epoch,uptime,mem_total_kib,mem_available_kib,swap_used_kib,pswpin_pages,pswpout_pages,cpu_total_ticks,cpu_idle_ticks,cpu_iowait_ticks,java_pid,java_rss_kib,java_swap_kib,java_threads,java_cpu_ticks,monitor_pid,monitor_rss_kib,monitor_swap_kib,monitor_cpu_ticks
1791494722.450470498,42.23,220048,165472,0,0,0,4183,3799,25,0,0,0,0,0,0,0,0,0
1791494727.458849404,47.23,220048,166332,0,0,0,4684,4282,25,0,0,0,0,0,0,0,0,0
1791494732.467536041,52.24,220048,166152,0,0,0,5186,4781,25,0,0,0,0,0,0,0,0,0
1791494737.475714243,57.25,220048,166152,0,0,0,5686,5280,25,0,0,0,0,0,0,0,0,0
1791494742.484388889,62.26,220048,166156,0,0,0,6187,5780,25,0,0,0,0,0,0,0,0,0
1791494747.492374065,67.27,220048,166156,0,0,0,6687,6279,25,0,0,0,0,0,0,0,0,0
1791494752.500718549,72.28,220048,166160,0,0,0,7188,6778,26,0,0,0,0,0,0,0,0,0
1791494757.507867191,77.28,220048,166204,0,0,0,7689,7278,26,0,0,0,0,0,0,0,0,0
1791494762.516971260,82.29,220048,166168,0,0,0,8189,7777,26,0,0,0,0,0,0,0,0,0
1791494767.526460302,87.30,220048,165936,0,0,0,8690,8276,26,0,0,0,0,0,0,0,0,0
1791494772.534560607,92.31,220048,165872,0,0,0,9190,8775,26,0,0,0,0,0,0,0,0,0
1791494777.543163100,97.32,220048,165868,0,0,0,9690,9273,26,0,0,0,0,0,0,0,0,0
1791494782.551615466,102.33,220048,165844,0,0,0,10192,9773,26,0,0,0,0,0,0,0,0,0
1791494787.562685149,107.33,220048,156612,0,0,0,10692,10268,27,0,0,0,0,0,2414,14212,0,1
1791494792.573614380,112.35,220048,156136,0,0,0,11193,10767,27,0,0,0,0,0,2414,14212,0,1
1791494797.583748370,117.36,220048,156300,0,0,0,11694,11266,27,0,0,0,0,0,2414,14212,0,1
1791494802.593979199,122.37,220048,156292,0,0,0,12194,11766,27,0,0,0,0,0,2414,14212,0,1
1791494807.603748732,127.38,220048,156412,0,0,0,12696,12265,27,0,0,0,0,0,2414,14212,0,1
1791494812.616877025,132.39,220048,156316,0,0,0,13196,12764,27,0,0,0,0,0,2414,14212,0,1
1791494817.626896236,137.40,220048,156060,0,0,0,13696,13262,28,0,0,0,0,0,2414,14396,0,1
1791494822.637112744,142.41,220048,156492,0,0,0,14197,13761,28,0,0,0,0,0,2414,14396,0,1
1791494827.647851369,147.42,220048,156608,0,0,0,14697,14260,28,0,0,0,0,0,2414,14396,0,1
1791494832.659719717,152.43,220048,156500,0,0,0,15200,14760,28,0,0,0,0,0,2414,14396,0,1
1791494837.671916580,157.45,220048,156504,0,0,0,15699,15259,28,0,0,0,0,0,2414,14396,0,1
1791494842.681929584,162.46,220048,156504,0,0,0,16201,15758,28,0,0,0,0,0,2414,14396,0,1
1791494847.693005568,167.47,220048,156388,0,0,0,16701,16256,29,0,0,0,0,0,2414,14472,0,1
1791494852.705576187,172.48,220048,156380,0,0,0,17203,16756,29,0,0,0,0,0,2414,14472,0,1
1791494857.716208467,177.49,220048,156248,0,0,0,17703,17255,29,0,0,0,0,0,2414,14472,0,1
1791494862.727908249,182.50,220048,161708,0,0,0,18204,17753,29,0,0,0,0,0,2414,14216,0,1
1791494867.740078344,187.51,220048,162672,0,0,0,18705,18252,29,0,0,0,0,0,2414,14216,0,1
1791494872.750734528,192.53,220048,162896,0,0,0,19205,18751,29,0,0,0,0,0,2414,14216,0,1
1791494872.885192341,192.66,220048,160796,0,0,0,19219,18762,29,2590,9284,0,2,0,2414,14672,0,1
1791494873.909307193,193.68,220048,113048,0,0,0,19321,18762,30,2590,73132,0,16,96,2414,14672,0,1
1791494874.936216952,194.71,220048,109872,25028,1580,5984,19422,18762,32,2590,81708,9912,19,190,2414,12332,2340,1
1791494875.954784782,195.73,220048,88132,24392,2561,5984,19521,18792,33,2590,97856,6740,28,252,2414,13692,1084,3
1791494880.969137129,200.74,220048,95300,24224,2584,5984,20023,19290,33,2590,91580,6524,26,253,2414,13692,1084,3
1791494885.985141977,205.76,220048,95944,24224,2584,5984,20523,19788,33,2590,91580,6524,26,254,2414,13692,1084,3
1791494890.999599602,210.77,220048,96296,24224,2584,5984,21024,20286,33,2590,91584,6524,26,255,2414,13692,1084,3
1791494896.015666931,215.79,220048,96308,24224,2584,5984,21525,20784,33,2590,91608,6524,26,256,2414,13692,1084,3
1791494901.030849966,220.80,220048,96196,24176,2641,5984,22026,21281,33,2590,91616,6524,26,256,2414,13692,1084,3
1791494906.046899206,225.82,220048,95680,24136,2682,5984,22527,21774,34,2590,92056,6428,26,260,2414,13872,1008,3
1791494911.060887480,230.84,220048,95512,24136,2682,5984,23029,22272,34,2590,92060,6428,26,260,2414,13872,1008,3
1791494916.074560060,235.85,220048,95328,24136,2682,5984,23529,22770,34,2590,92060,6428,26,261,2414,13872,1008,3
1791494921.086886796,240.86,220048,95220,24136,2685,5984,24031,23268,34,2590,92124,6424,26,262,2414,13872,1008,3
1791494926.099205465,245.87,220048,95228,24136,2685,5984,24529,23766,34,2590,92124,6424,26,262,2414,13872,1008,3
1791494931.111193154,250.89,220048,95200,24136,2685,5984,25031,24265,34,2590,92128,6424,26,262,2414,13872,1008,3
1791494936.124672481,255.90,220048,95092,24136,2687,5984,25532,24761,35,2590,92152,6424,26,263,2414,14024,1000,3
1791494941.139702212,260.91,220048,95064,24136,2687,5984,26033,25259,35,2590,92172,6424,26,264,2414,14024,1000,3
1791494946.152632090,265.93,220048,94872,24136,2687,5984,26533,25756,35,2590,92176,6420,26,264,2414,14024,1000,3
1791494951.167154759,270.94,220048,94872,24136,2687,5984,27036,26255,35,2590,92176,6420,26,265,2414,14024,1000,3
1791494956.181829309,275.96,220048,94876,24136,2687,5984,27536,26753,35,2590,92176,6420,26,265,2414,14024,1000,3
1791494961.196191820,280.97,220048,94876,24136,2687,5984,28037,27251,35,2590,92176,6420,26,265,2414,14024,1000,3
1791494966.211051711,285.98,220048,94212,24132,2687,5984,28536,27747,35,2590,92192,6420,26,266,2414,14152,1000,5
1791494971.225510409,291.00,220048,95152,24132,2687,5984,29037,28244,36,2590,92192,6420,26,267,2414,14152,1000,5
1791494976.240139932,296.01,220048,94744,24132,2687,5984,29537,28742,36,2590,92220,6420,26,267,2414,14152,1000,5
1791494981.255003263,301.03,220048,94744,24132,2687,5984,30040,29241,36,2590,92232,6408,26,268,2414,14152,1000,5
1791494986.270083292,306.04,220048,94748,24132,2687,5984,30540,29739,36,2590,92240,6408,26,268,2414,14152,1000,5
1791494991.288648786,311.06,220048,94752,24132,2687,5984,31043,30238,36,2590,92248,6408,26,268,2414,14152,1000,5
1791494996.302870449,316.08,220048,92864,24132,2691,5984,31543,30732,36,2590,92888,6404,26,271,2414,14292,960,5
1791495001.318783921,321.09,220048,93980,24132,2691,5984,32044,31230,36,2590,92888,6404,26,271,2414,14292,960,5
1791495006.332975546,326.11,220048,93788,24132,2691,5984,32544,31728,36,2590,92888,6404,26,271,2414,14292,960,5
1791495011.346913787,331.12,220048,93792,24132,2691,5984,33046,32223,38,2590,92888,6404,26,272,2414,14292,960,5
1791495016.360607518,336.14,220048,94352,24132,2691,5984,33547,32721,38,2590,92888,6404,26,272,2414,14292,960,5
1791495021.373659922,341.15,220048,94164,24132,2691,5984,34048,33220,38,2590,92888,6404,26,272,2414,14292,960,5
1791495026.386628214,346.16,220048,94368,24124,2694,5984,34548,33714,39,2590,92936,6400,26,274,2414,14404,948,5
1791495031.399136910,351.17,220048,93360,24124,2694,5984,35049,34212,39,2590,92940,6400,26,275,2414,14404,948,5
1791495036.412557957,356.19,220048,94016,24124,2694,5984,35549,34710,39,2590,92940,6400,26,275,2414,14404,948,5
1791495041.425864747,361.20,220048,93944,24124,2694,5984,36052,35209,39,2590,92940,6400,26,275,2414,14404,948,5
1791495046.438965842,366.21,220048,94000,24124,2694,5984,36553,35707,39,2590,92940,6400,26,276,2414,14404,948,5
1791495051.451429698,371.23,220048,94000,24124,2694,5984,37052,36206,39,2590,92940,6400,26,277,2414,14404,948,5
1791495056.466237704,376.24,220048,90216,24096,2836,5984,37552,36683,40,2590,95216,5496,26,295,2414,14540,936,5
1791495061.482035118,381.26,220048,82380,24096,2864,5984,38052,37139,40,2590,103776,5304,26,335,2414,14540,936,5
1791495066.495147044,386.27,220048,88240,24096,2867,5984,38553,37605,40,2590,98592,5268,26,366,2414,12748,936,5
1791495071.512808867,391.28,220048,86300,24088,2881,5984,39055,38065,40,2590,100220,5248,26,402,2414,12748,936,5
1791495076.527967790,396.30,220048,71436,24088,2883,5984,39555,38440,40,2590,112468,5236,26,522,2414,11804,936,5
1791495081.542211588,401.32,220048,83704,24088,2887,5984,40056,38918,41,2590,102556,5164,26,540,2414,11804,936,5
1791495086.556619101,406.33,220048,83644,24084,2890,5984,40555,39393,41,2590,103116,5160,26,561,2414,13508,928,7
1791495091.570539803,411.34,220048,83656,24084,2890,5984,41056,39878,41,2590,103368,5156,26,573,2414,13508,928,7
1791495096.584064285,416.36,220048,83616,24080,2890,5984,41557,40363,41,2590,103664,5140,26,585,2414,13508,928,7
1791495101.597301107,421.37,220048,83228,24080,2893,5984,42059,40847,42,2590,104244,5116,26,598,2414,13508,928,7
1791495106.610163413,426.39,220048,82628,24080,2895,5984,42560,41334,42,2590,104708,5108,26,609,2414,13508,928,7
1791495111.625536175,431.40,220048,82296,24080,2895,5984,43063,41822,42,2590,104936,5104,26,618,2414,13508,928,7
1791495116.642049727,436.42,220048,82064,24080,2897,5984,43562,42305,44,2590,105148,5092,26,627,2414,13624,928,7
1791495121.656405625,441.43,220048,81552,24080,2897,5984,44063,42789,45,2590,105504,5084,26,640,2414,13624,928,7
1791495126.668702700,446.44,220048,81508,24080,2897,5984,44565,43278,45,2590,105872,5084,26,648,2414,13624,928,7
1791495131.683389172,451.46,220048,81036,24080,2897,5984,45066,43767,45,2590,106232,5076,26,657,2414,13624,928,7
1791495136.696725610,456.47,220048,80460,24080,2897,5984,45566,44252,45,2590,106492,5072,26,670,2414,13624,928,7
1791495141.712246107,461.48,220048,80428,24080,2897,5984,46068,44743,45,2590,106664,5068,26,676,2414,13624,928,7
1791495146.725721440,466.50,220048,79524,24068,2900,5984,46568,45230,46,2590,106860,5064,26,685,2414,13700,920,7
1791495151.737685154,471.51,220048,80360,24068,2904,5984,47068,45714,46,2590,107028,5060,26,697,2414,13700,920,7
1791495156.750518133,476.53,220048,79456,24068,2904,5984,47567,46205,46,2590,107576,5060,26,703,2414,13700,920,7
1791495161.765013649,481.54,220048,79436,24068,2904,5984,48069,46697,46,2590,107632,5060,26,710,2414,13700,920,7
1791495166.778253604,486.55,220048,79428,24068,2904,5984,48567,47188,46,2590,107720,5052,26,716,2414,13700,920,7
1791495171.792730607,491.57,220048,79484,24068,2904,5984,49066,47679,46,2590,107876,5052,26,721,2414,13700,920,7
1791495176.807642519,496.58,220048,79140,24068,2906,5984,49567,48164,47,2590,108056,5048,26,732,2414,13808,920,8
1791495181.821930562,501.60,220048,78880,24068,2906,5984,50066,48655,47,2590,108296,5048,26,740,2414,13808,920,8
1791495186.836817603,506.61,220048,78780,24064,2906,5984,50567,49145,47,2590,108628,5048,26,746,2414,13808,920,8
1791495191.849527950,511.62,220048,78532,24064,2906,5984,51067,49637,47,2590,108680,5048,26,753,2414,13808,920,8
1791495196.862836662,516.64,220048,78500,24064,2906,5984,51566,50129,47,2590,108716,5044,26,758,2414,13808,920,8
1791495201.876698812,521.65,220048,78508,24064,2906,5984,52067,50620,47,2590,108756,5044,26,764,2414,13808,920,8
1791495206.890619737,526.66,220048,77836,24064,2908,5984,52568,51107,48,2590,108964,5040,26,772,2414,13900,912,8
1791495211.903795934,531.68,220048,77852,24064,2908,5984,53067,51597,48,2590,108996,5040,26,780,2414,13900,912,8
1791495216.918377401,536.69,220048,77456,24064,2908,5984,53567,52086,48,2590,109284,5036,26,787,2414,13900,912,8
1791495221.931755418,541.71,220048,77308,24064,2910,5984,54068,52576,48,2590,109336,5028,26,796,2414,13900,912,8
1791495226.944258938,546.72,220048,77284,24064,2910,5984,54568,53066,48,2590,109644,5028,26,803,2414,13900,912,8
1791495231.959262034,551.73,220048,76780,24064,2910,5984,55068,53554,48,2590,109736,5028,26,813,2414,13900,912,8
1791495236.973783996,556.75,220048,76028,24056,2910,5984,55570,54038,49,2590,110092,5024,26,824,2414,14000,904,9
1791495241.987861356,561.76,220048,76512,24056,2910,5984,56070,54530,49,2590,110136,5020,26,830,2414,14000,904,9
1791495247.002448387,566.78,220048,76444,24056,2910,5984,56570,55018,50,2590,110280,5020,26,839,2414,14000,904,9
1791495252.016295162,571.79,220048,76588,24056,2910,5984,57074,55508,50,2590,110380,5020,26,847,2414,14000,904,9
1791495257.030171461,576.80,220048,76548,24056,2910,5984,57574,55995,50,2590,110552,5016,26,857,2414,14000,904,9
1791495262.043934473,581.82,220048,76240,24056,2910,5984,58074,56485,50,2590,110864,5016,26,865,2414,14000,904,9
1791495267.058909053,586.83,220048,75832,24056,2910,5984,58574,56973,50,2590,110924,5012,26,872,2414,14112,904,9
1791495272.072643232,591.85,220048,75712,24056,2910,5984,59077,57460,51,2590,111120,5012,26,881,2414,14112,904,9
1791495277.086994168,596.86,220048,75524,24056,2910,5984,59579,57952,51,2590,111340,5008,26,887,2414,14112,904,9
1791495282.100028853,601.87,220048,74104,24056,2910,5984,60080,58440,51,2590,111396,5008,26,897,2414,14112,904,9
1791495287.114152125,606.89,220048,74724,24056,2910,5984,60582,58931,51,2590,111612,5008,26,903,2414,14112,904,9
1791495292.127890126,611.90,220048,74756,24056,2910,5984,61081,59421,51,2590,111640,5008,26,910,2414,14112,904,9
1791495297.143731043,616.92,220048,74824,24052,2912,5984,61583,59911,52,2590,111736,5008,26,916,2414,14196,892,9
1791495302.157763462,621.93,220048,74808,24052,2912,5984,62084,60403,52,2590,111800,5008,26,921,2414,14196,892,9
1791495307.171524239,626.95,220048,74436,24052,2912,5984,62583,60891,52,2590,111876,5008,26,930,2414,14196,892,9
1791495312.185053025,631.96,220048,74428,24052,2912,5984,63083,61380,52,2590,112260,5008,26,939,2414,14196,892,9
1791495317.199546115,636.97,220048,74224,24052,2912,5984,63584,61872,52,2590,112520,4984,26,944,2414,14196,892,9
1791495322.213156845,641.99,220048,74144,24052,2912,5984,64083,62360,52,2590,112560,4984,26,953,2414,14196,892,9
1791495327.229235628,647.00,220048,74156,24052,2912,5984,64583,62851,53,2590,112624,4980,26,959,2414,14308,892,10
1791495332.242670621,652.02,220048,73260,24052,2912,5984,65083,63335,53,2590,112652,4980,26,970,2414,14308,892,10
1791495337.257551845,657.03,220048,73612,24052,2918,5984,65584,63826,53,2590,112908,4956,26,977,2414,14308,892,10
1791495342.271231781,662.05,220048,73620,24052,2918,5984,66084,64319,53,2590,112988,4956,26,982,2414,14308,892,10
1791495347.285283180,667.06,220048,73636,24052,2918,5984,66583,64812,53,2590,113024,4956,26,986,2414,14308,892,10
1791495352.298163376,672.07,220048,73620,24052,2918,5984,67083,65303,54,2590,113080,4956,26,992,2414,14308,892,10
1791495357.310204340,677.09,220048,73292,24052,2918,5984,67582,65792,55,2590,113132,4956,26,999,2414,14412,892,10
1791495362.323966667,682.10,220048,73164,24052,2918,5984,68084,66290,55,2590,113132,4956,26,999,2414,14412,892,10
1791495367.338131188,687.11,220048,73168,24052,2918,5984,68585,66789,55,2590,113132,4956,26,999,2414,14412,892,10
1791495372.354034508,692.13,220048,73168,24052,2918,5984,69086,67287,55,2590,113132,4956,26,1000,2414,14412,892,10
1791495377.367572836,697.14,220048,73248,24052,2918,5984,69587,67786,55,2590,113132,4956,26,1000,2414,14412,892,10
1791495382.382998709,702.16,220048,73252,24052,2918,5984,70088,68284,55,2590,113132,4956,26,1000,2414,14412,892,10
1791495387.395497855,707.17,220048,73292,24052,2918,5984,70588,68780,56,2590,113136,4956,26,1001,2414,14496,892,10
1791495392.409075035,712.18,220048,72872,24052,2918,5984,71089,69278,56,2590,113140,4956,26,1001,2414,14496,892,10
1791495397.421840689,717.20,220048,72880,24052,2918,5984,71590,69777,56,2590,113140,4956,26,1002,2414,14496,892,10
1791495402.435800742,722.21,220048,72800,24052,2918,5984,72091,70275,56,2590,113140,4956,26,1002,2414,14496,892,10
1791495407.450238851,727.22,220048,72800,24052,2918,5984,72592,70773,56,2590,113140,4956,26,1002,2414,14496,892,10
1791495412.464377784,732.24,220048,73424,24052,2918,5984,73092,71271,56,2590,113140,4956,26,1003,2414,14496,892,10
1791495417.476938177,737.25,220048,73372,24052,2918,5984,73595,71768,57,2590,113144,4956,26,1003,2414,14640,888,11
1791495422.489074352,742.26,220048,73372,24052,2918,5984,74094,72266,57,2590,113144,4956,26,1003,2414,14640,888,11
1791495427.503903834,747.28,220048,73112,24052,2918,5984,74595,72764,57,2590,113144,4956,26,1004,2414,14640,888,11
1791495432.517976438,752.29,220048,73112,24052,2918,5984,75096,73263,57,2590,113144,4956,26,1004,2414,14640,888,11
1791495437.532351753,757.31,220048,73116,24052,2918,5984,75596,73761,57,2590,113144,4956,26,1004,2414,14640,888,11
1791495442.545658999,762.32,220048,73120,24052,2918,5984,76098,74260,57,2590,113144,4956,26,1004,2414,14640,888,11
1791495447.571704126,767.34,220048,73176,24048,2918,5984,76599,74757,58,2590,113144,4956,26,1005,2414,14724,884,12
1791495452.595069969,772.37,220048,73176,24048,2918,5984,77102,75256,58,2590,113144,4956,26,1005,2414,14724,884,12
1791495457.611658284,777.39,220048,72548,24048,2918,5984,77603,75754,58,2590,113144,4956,26,1006,2414,14724,884,12
1791495462.625412735,782.40,220048,73100,24048,2918,5984,78104,76252,58,2590,113148,4956,26,1007,2414,14724,884,12
1791495467.640294180,787.41,220048,72896,24048,2918,5984,78605,76750,58,2590,113148,4956,26,1007,2414,14724,884,12
1791495472.655279838,792.43,220048,72816,24048,2918,5984,79107,77248,58,2590,113148,4956,26,1007,2414,14724,884,12
