elapsed,pg_A,pg_B,pg_aggregate,hikari_A_total,hikari_A_active,hikari_A_idle,hikari_B_total,hikari_B_active,hikari_B_idle,pg_cgroup_bytes,pg_pss_kib,pg_private_kib,rss_A_kib,rss_B_kib,mem_available_kib,sample_errors,supporting_warnings
-14.99987940300025,1,1,2,1,0,1,1,0,1,,,,187648,185376,288576,0,0
-13.99962856800039,1,1,2,1,0,1,1,0,1,29712384,32290,11956,187868,185600,279132,0,0
-12.999545093000052,1,1,2,1,0,1,1,0,1,,,,187932,185660,278900,0,0
-11.999670609000077,1,1,2,1,0,1,1,0,1,,,,181872,185864,275216,0,0
-10.999679946000015,1,1,2,1,0,1,1,0,1,,,,181956,185920,275216,0,0
-9.99950243100011,1,1,2,1,0,1,1,0,1,,,,182104,186040,275312,0,0
-8.999609504000091,1,1,2,1,0,1,1,0,1,29732864,32290,11956,182132,186688,275316,0,0
-7.999582088000352,1,1,2,1,0,1,1,0,1,,,,182256,190696,275392,0,0
-6.999471582000297,1,1,2,1,0,1,1,0,1,,,,182300,187284,275392,0,0
-5.999431401000038,1,1,2,1,0,1,1,0,1,,,,182436,187400,275428,0,0
-4.999584222000067,1,1,2,1,0,1,1,0,1,,,,182536,187424,273716,0,0
-3.999593768000068,1,1,2,1,0,1,1,0,1,29728768,,,182612,187560,272072,0,0
-2.9996860280002693,1,1,2,1,0,1,1,0,1,,,,182652,187584,272088,0,0
-1.9996001760000581,1,1,2,1,0,1,1,0,1,,,,182692,187656,273592,0,0
-0.9994931460000771,1,1,2,1,0,1,1,0,1,,,,182852,187776,269880,0,0
0.0004280379998817807,1,1,2,1,0,1,1,0,1,,,,182908,187868,271100,0,0
1.0006042739996701,10,1,11,10,10,1,1,0,1,30883840,,,191260,187904,250792,0,0
2.000657181999941,10,1,11,10,2,0,1,0,1,,,,191348,187960,250892,0,0
3.000518854999882,10,1,11,10,2,8,1,0,1,,,,188708,187988,250680,0,0
4.000739471999623,10,1,11,10,0,10,1,0,1,,,,188932,188024,250792,0,0
5.000618765999661,10,1,11,10,10,0,1,0,1,,,,189012,188040,250800,0,0
6.000395699999899,10,1,11,10,2,0,1,0,1,44785664,45293,24020,189044,188120,250908,0,0
7.000382447999982,10,1,11,10,2,8,1,0,1,,,,189164,188156,250908,0,0
8.004337055999713,10,1,11,10,0,10,1,0,1,,,,189324,188212,251036,0,0
9.000379966999844,10,1,11,10,10,0,1,0,1,,,,189456,188704,250832,0,0
10.00047128299957,10,1,11,10,1,9,1,0,1,,,,189620,188788,249136,0,0
11.000474091999877,10,1,11,10,1,9,1,0,1,44941312,,,189736,188796,249156,0,0
12.000536435999948,10,2,12,10,0,10,1,1,0,,,,191100,189052,247464,0,0
13.000405328999932,10,10,20,10,10,0,1,1,0,,,,191264,200276,222616,0,0
14.000423245999627,10,10,20,10,0,10,10,10,0,,,,191472,200380,222688,0,0
15.000348841999767,10,10,20,10,0,10,10,10,0,,,,191620,200472,221944,0,0
16.000246290999712,10,10,20,10,0,10,10,6,4,60055552,,,191724,201328,222084,0,0
17.000388244999613,10,10,20,10,0,10,10,6,4,,,,191760,201404,222096,0,0
18.00096579000001,10,10,20,10,0,10,10,0,10,,,,191820,201576,222240,0,0
19.000352098999883,10,10,20,10,0,10,10,10,0,,,,191872,201600,222240,0,0
20.00028188599981,10,10,20,10,0,10,10,10,0,,,,191932,201776,222320,0,0
21.00047008799993,10,10,20,10,0,10,10,10,0,60096512,,,191956,201872,222320,0,0
22.000703997999608,10,10,20,10,0,10,10,0,10,,,,191992,202052,222388,0,0
23.000385896999887,10,10,20,10,0,10,10,10,0,,,,192032,202160,230468,0,0
24.000887140999566,10,10,20,10,0,10,10,10,0,,,,192172,202300,229560,0,0
25.000410434999594,10,10,20,10,0,10,10,10,0,,,,192200,202388,229596,0,0
26.00091717999976,10,10,20,10,0,10,10,0,10,60178432,,,192244,202572,229436,0,0
27.000388751999708,10,10,20,10,0,10,10,10,0,,,,192260,202648,229216,0,0
28.001927212999817,10,10,20,10,0,10,10,8,2,,,,192344,203960,229280,0,0
29.000513708999733,10,10,20,10,0,10,10,8,2,,,,192368,204120,229280,0,0
30.000544924999758,10,10,20,10,0,10,10,0,10,,,,192416,204296,229368,0,0
31.000307281000005,10,10,20,10,0,10,10,10,0,60125184,57976,36376,192432,204348,229116,0,0
32.00301720799962,10,10,20,10,0,10,10,10,0,,,,192464,204448,229212,0,0
33.0004294739997,10,10,20,10,0,10,10,10,0,,,,192476,204540,228996,0,0
34.00037216599958,10,10,20,10,0,10,10,0,10,,,,192556,204656,229084,0,0
35.000412091999806,10,10,20,10,0,10,10,10,0,,,,192568,204752,229088,0,0
36.00040920899983,10,10,20,10,0,10,10,9,1,60174336,57976,36376,192636,204880,237024,0,0
37.00055135899993,10,10,20,10,0,10,10,9,1,,,,192648,205016,234784,0,0
38.00084875199991,1,10,11,1,0,1,10,0,10,,,,192804,205136,256424,0,0
39.0005241519998,1,10,11,1,0,1,10,10,0,,,,192824,205192,249932,0,0
40.00049596499957,1,10,11,1,0,1,10,9,1,,,,192948,205404,246236,0,0
41.00039332299957,1,10,11,1,0,1,10,9,1,44945408,,,192996,205492,245260,0,0
42.000696587999755,1,10,11,1,0,1,10,0,10,,,,193012,205652,245088,0,0
43.00062212299963,1,10,11,1,0,1,10,10,0,,,,192952,205820,241312,0,0
44.00033056999973,1,10,11,1,0,1,10,7,3,,,,193004,205944,241372,0,0
45.000411664999774,1,10,11,1,0,1,10,7,3,,,,193020,206092,241376,0,0
46.00081237999984,1,10,11,1,0,1,10,0,10,44982272,,,193052,206280,241240,0,0
47.000447341999916,1,10,11,1,0,1,10,10,0,,,,193068,206408,239476,0,0
48.00110746099972,1,10,11,1,0,1,10,9,1,,,,193084,206492,235788,0,0
49.00046225199958,1,10,11,1,0,1,10,9,1,,,,193116,206560,235548,0,0
50.00068180599965,1,10,11,1,0,1,10,0,10,,,,193168,206656,235616,0,0
51.00037976199974,1,10,11,1,0,1,10,10,0,44945408,,,193192,206700,235384,0,0
52.000388369999655,1,10,11,1,0,1,10,10,0,,,,193244,206872,235452,0,0
53.00051730799987,1,10,11,1,0,1,10,10,0,,,,193252,206924,235468,0,0
54.00057730199978,1,10,11,1,0,1,10,0,10,,,,193280,207012,235564,0,0
55.00044560299966,1,10,11,1,0,1,10,10,0,,,,193308,207088,235572,0,0
56.00052431499989,1,10,11,1,0,1,10,8,2,44945408,,,193328,207192,235672,0,0
57.00033969299966,1,10,11,1,0,1,10,8,2,,,,193336,207224,235696,0,0
58.00079993099962,1,10,11,1,0,1,10,0,10,,,,193356,207368,235756,0,0
59.00041068199971,1,10,11,1,0,1,10,10,0,,,,193368,207476,235768,0,0
60.00038343599999,1,10,11,1,0,1,10,8,2,,,,193416,207596,235876,0,0
61.000437019999936,1,10,11,1,0,1,10,8,2,44929024,45443,24172,193424,207708,235872,0,0
62.00112665500001,1,10,11,1,0,1,10,0,10,,,,193448,207780,235952,0,0
63.00039021399971,1,10,11,1,0,1,10,10,0,,,,193460,207824,235960,0,0
64.00072663899982,1,10,11,1,0,1,10,10,0,,,,193516,208032,236044,0,0
65.00040759099966,1,10,11,1,0,1,10,10,0,,,,193560,208068,242680,0,0
66.00107909099961,1,10,11,1,0,1,10,0,10,44986368,,,193704,208140,233208,0,0
67.00053041599995,1,10,11,1,0,1,10,10,0,,,,193732,208172,232984,0,0
68.00048051799968,1,10,11,1,0,1,10,0,10,,,,193828,208224,231268,0,0
69.00042434899979,1,10,11,1,0,1,10,0,10,,,,193836,208264,231304,0,0
70.0003547629999,1,10,11,1,0,1,10,0,10,,,,193888,208336,231372,0,0
71.00041669099983,1,10,11,1,0,1,10,0,10,44941312,45443,24172,193904,208356,231384,0,0
72.00041509799985,1,10,11,1,0,1,10,0,10,,,,193928,208388,231568,0,0
73.0003037499996,1,10,11,1,0,1,10,0,10,,,,193932,208400,231608,0,0
74.00036387799992,1,10,11,1,0,1,10,0,10,,,,193940,208404,231696,0,0
75.00052869499996,1,10,11,1,0,1,10,0,10,,,,193944,208408,231696,0,0
76.0004191019998,1,10,11,1,0,1,10,0,10,44941312,,,193976,208440,231836,0,0
77.00039215699962,1,10,11,1,0,1,10,0,10,,,,193976,208444,231836,0,0
78.00042166399999,1,10,11,1,0,1,10,0,10,,,,193992,208456,231936,0,0
79.00054859799957,1,10,11,1,0,1,10,0,10,,,,193992,208468,240016,0,0
80.00038456499988,1,10,11,1,0,1,10,0,10,,,,194012,208536,239604,0,0
81.0005760529998,1,10,11,1,0,1,10,0,10,45109248,,,194012,208576,239612,0,0
82.0003976779999,1,10,11,1,0,1,10,0,10,,,,194016,208628,244876,0,0
83.00041667699998,1,10,11,1,0,1,10,0,10,,,,194076,208648,243768,0,0
84.00037804699969,1,10,11,1,0,1,10,0,10,,,,194136,208664,234788,0,0
85.00036276599985,1,10,11,1,0,1,10,0,10,,,,194136,208664,234540,0,0
86.0005280409996,1,10,11,1,0,1,10,0,10,44945408,,,194148,208668,234612,0,0
87.00049515399996,1,10,11,1,0,1,10,0,10,,,,194152,208672,234624,0,0
88.00043494599959,1,10,11,1,0,1,10,0,10,,,,194232,208704,234716,0,0
89.00045150299957,1,10,11,1,0,1,10,0,10,,,,194264,208704,234724,0,0
90.00055521999957,1,10,11,1,0,1,10,0,10,,,,194276,208716,242380,0,0
91.00040597499992,1,10,11,1,0,1,10,0,10,44945408,,,194276,208716,241872,0,0
92.0004779689998,1,10,11,1,0,1,10,0,10,,,,194280,208728,244200,0,0
93.00049342199964,1,10,11,1,0,1,10,0,10,,,,194288,208728,235132,0,0
94.00044264499957,1,10,11,1,0,1,10,0,10,,,,194356,208744,235228,0,0
95.000404936,1,10,11,1,0,1,10,0,10,,,,194364,208744,233464,0,0
96.00047139499975,1,10,11,1,0,1,10,0,10,44941312,,,194384,208780,229488,0,0
97.00038067199966,1,10,11,1,0,1,10,0,10,,,,194392,209128,227752,0,0
98.00044411599993,1,10,11,1,0,1,10,0,10,,,,194456,209316,225796,0,0
99.00039733499989,1,10,11,1,0,1,10,0,10,,,,194456,209332,224048,0,0
100.00049244999991,1,10,11,1,0,1,10,0,10,,,,194520,209344,224092,0,0
101.00049308299958,1,10,11,1,0,1,10,0,10,44941312,,,194524,209344,222076,0,0
102.0005018099996,1,10,11,1,0,1,10,0,10,,,,194556,209352,219376,0,0
103.00037554599976,1,1,2,1,0,1,1,0,1,,,,194556,209556,264636,0,0
104.00054785899965,1,1,2,1,0,1,1,0,1,,,,194568,209576,255780,0,0
105.00036660599972,1,1,2,1,0,1,1,0,1,,,,194576,209576,253864,0,0
106.000370836,1,1,2,1,0,1,1,0,1,29757440,,,194588,209616,250276,0,0
107.00063961299975,1,1,2,1,0,1,1,0,1,,,,194596,209692,248580,0,0
108.0006415429998,1,1,2,1,0,1,1,0,1,,,,194660,209636,248836,0,0
109.00037778499973,1,1,2,1,0,1,1,0,1,,,,194688,209644,253948,0,0
110.0004374529999,1,1,2,1,0,1,1,0,1,,,,194696,209684,253008,0,0
111.00065045499969,1,1,2,1,0,1,1,0,1,29753344,,,194712,209684,249236,0,0
112.00059489099976,1,1,2,1,0,1,1,0,1,,,,194712,209740,249308,0,0
113.00048201699974,1,1,2,1,0,1,1,0,1,,,,194712,209740,249312,0,0
114.00050045099988,1,1,2,1,0,1,1,0,1,,,,194776,209756,247336,0,0
115.00034597199965,1,1,2,1,0,1,1,0,1,,,,194796,209756,245572,0,0
116.0005311279997,1,1,2,1,0,1,1,0,1,29753344,,,194816,209776,243844,0,0
117.00039714399963,1,1,2,1,0,1,1,0,1,,,,194816,209776,243864,0,0
118.00041958499969,1,1,2,1,0,1,1,0,1,,,,194828,209812,243888,0,0
119.00063058399974,1,1,2,1,0,1,1,0,1,,,,194828,209820,239860,0,0
120.00029631899997,1,1,2,1,0,1,1,0,1,,,,194836,209836,230940,0,0
121.00046239999983,1,1,2,1,0,1,1,0,1,29851648,32314,11980,194836,209836,230916,0,0
122.00053154999978,1,1,2,1,0,1,1,0,1,,,,194852,209848,231000,0,0
123.00042027599966,1,1,2,1,0,1,1,0,1,,,,194864,209852,231008,0,0
124.00047452699982,1,1,2,1,0,1,1,0,1,,,,194908,209892,230848,0,0
125.00058469499982,1,1,2,1,0,1,1,0,1,,,,194912,209892,232480,0,0
126.0004073289997,1,1,2,1,0,1,1,0,1,29921280,,,194932,209904,232652,0,0
127.00047248499959,1,1,2,1,0,1,1,0,1,,,,194940,209908,232656,0,0
128.00085920399988,1,1,2,1,0,1,1,0,1,,,,194952,209916,232656,0,0
128.0512385029997,1,1,2,1,0,1,1,0,1,,,,194984,209916,232656,0,0
129.00038266399997,10,1,11,10,10,0,1,0,1,29741056,,,202108,209916,224292,0,0
130.0004565209997,10,2,12,10,0,10,1,0,1,,,,202176,209928,224104,0,0
131.0004407939996,10,10,20,10,0,10,10,10,0,46485504,46719,25404,202180,214496,218456,0,0
132.000405882,10,10,20,10,0,10,10,0,10,,,,202180,214532,216052,0,0
133.00048222299984,10,10,20,10,0,10,10,0,10,,,,202180,214532,214288,0,0
134.0004193249997,10,10,20,10,0,10,10,0,10,,,,202124,214532,212564,0,0
135.0003881589996,10,10,20,10,0,10,10,0,10,,,,202156,214540,212312,0,0
136.00060160199973,10,10,20,10,0,10,10,0,10,59924480,,,202180,214472,210620,0,0
137.0003965789997,10,10,20,10,0,10,10,0,10,,,,202184,214476,210652,0,0
138.0005307919996,10,10,20,10,0,10,10,0,10,,,,202188,214516,210692,0,0
139.00057692799965,10,10,20,10,0,10,10,0,10,,,,202192,214528,210692,0,0
140.0004369029998,10,10,20,10,0,10,10,0,10,,,,202208,214528,210760,0,0
141.00040341099975,10,10,20,10,0,10,10,0,10,59924480,,,202256,214548,210012,0,0
142.00045952799974,10,10,20,10,0,10,10,0,10,,,,202268,214568,208332,0,0
143.00042437699994,10,10,20,10,0,10,10,0,10,,,,202268,214568,208332,0,0
144.00066310899956,10,10,20,10,0,10,10,0,10,,,,202272,214580,208404,0,0
144.00041882899995,10,10,20,10,0,10,10,0,10,,,,202272,214580,208404,0,0
