instance,stage,wave,request,time,scheduled,start,elapsed_ms,status,error,acquisition_ms
A,warmup,A-warmup-0,0,2026-10-07T17:58:12.203206+00:00,155.96501287699994,155.96566057099972,1027.6674320002712,200,,1.153017
B,warmup,B-warmup-0,0,2026-10-07T17:58:13.231854+00:00,156.99397406199978,156.99430820299995,1019.502301999637,200,,0.899587
A,burst,A-burst-0,1,2026-10-07T17:58:29.255744+00:00,0.0,0.003545251000105054,1031.6362600001412,200,,3.952706
A,burst,A-burst-0,2,2026-10-07T17:58:29.256337+00:00,0.0,0.004139977000249928,1038.0000199997994,200,,4.967922
A,burst,A-burst-0,7,2026-10-07T17:58:29.264846+00:00,0.0,0.012648936999994476,1035.602813999958,200,,8.991489
A,burst,A-burst-0,4,2026-10-07T17:58:29.259539+00:00,0.0,0.007341534000261163,1041.3398020000386,200,,4.798459
A,burst,A-burst-0,8,2026-10-07T17:58:29.267803+00:00,0.0,0.015605421000145725,1033.5032019997925,200,,6.633889
A,burst,A-burst-0,9,2026-10-07T17:58:29.269202+00:00,0.0,0.017004052000174852,1033.6259149999023,200,,4.469672
A,burst,A-burst-0,3,2026-10-07T17:58:29.257921+00:00,0.0,0.005722726999920269,1045.254272999955,200,,5.736182
A,burst,A-burst-0,5,2026-10-07T17:58:29.261138+00:00,0.0,0.00894075399992289,1042.4070190001657,200,,0.337431
A,burst,A-burst-0,0,2026-10-07T17:58:29.255182+00:00,0.0,0.002984441000080551,1048.9592479998464,200,,5.057648
A,burst,A-burst-0,6,2026-10-07T17:58:29.263856+00:00,0.0,0.011658148000151414,1040.8642379998128,200,,5.748113
A,burst,A-burst-1,0,2026-10-07T17:58:31.253196+00:00,2.0,2.000998487000288,1044.239667999591,200,,1.399007
A,burst,A-burst-1,9,2026-10-07T17:58:31.259800+00:00,2.0,2.0076032599999962,1037.965727000028,200,,2.881608
A,burst,A-burst-1,2,2026-10-07T17:58:31.254600+00:00,2.0,2.002402274999895,1045.2981360003832,200,,1.772217
A,burst,A-burst-1,1,2026-10-07T17:58:31.254047+00:00,2.0,2.0018485710002096,1049.3889889999082,200,,0.692532
A,burst,A-burst-1,6,2026-10-07T17:58:31.257981+00:00,2.0,2.005783979000171,1046.1693620000005,200,,3.955649
A,burst,A-burst-1,5,2026-10-07T17:58:31.256890+00:00,2.0,2.004692384000009,1049.8437770002056,200,,5.368922
A,burst,A-burst-1,7,2026-10-07T17:58:31.259071+00:00,2.0,2.006873476000237,1048.6891969999306,200,,1.715745
A,burst,A-burst-1,8,2026-10-07T17:58:31.259510+00:00,2.0,2.007312878999983,1048.5075810001945,200,,1.835673
A,burst,A-burst-1,3,2026-10-07T17:58:31.255967+00:00,2.0,2.0037692800001423,1053.0892500000846,200,,2.315373
A,burst,A-burst-1,4,2026-10-07T17:58:31.256354+00:00,2.0,2.004156428999977,1053.0886360002114,200,,5.484512
A,burst,A-burst-2,0,2026-10-07T17:58:33.253227+00:00,4.0,4.001029750000271,1045.3664869996828,200,,3.412177
A,burst,A-burst-2,3,2026-10-07T17:58:33.260306+00:00,4.0,4.008107834999919,1039.7632789999989,200,,2.222969
A,burst,A-burst-2,2,2026-10-07T17:58:33.255544+00:00,4.0,4.003346806000081,1046.103194999887,200,,4.783586
A,burst,A-burst-2,5,2026-10-07T17:58:33.263140+00:00,4.0,4.010940959999971,1041.5648729999702,200,,3.4804
A,burst,A-burst-2,1,2026-10-07T17:58:33.253665+00:00,4.0,4.001468082999963,1051.638395000282,200,,4.29771
A,burst,A-burst-2,9,2026-10-07T17:58:33.273476+00:00,4.0,4.0212774139999965,1032.2848240002713,200,,3.729091
A,burst,A-burst-2,6,2026-10-07T17:58:33.266102+00:00,4.0,4.013902116000281,1041.178865999882,200,,7.256723
A,burst,A-burst-2,4,2026-10-07T17:58:33.262231+00:00,4.0,4.010031413999968,1048.0559460002041,200,,0.373432
A,burst,A-burst-2,7,2026-10-07T17:58:33.268594+00:00,4.0,4.0163950529999966,1042.9699090000213,200,,2.65936
A,burst,A-burst-2,8,2026-10-07T17:58:33.271199+00:00,4.0,4.0189997719999155,1041.6770450001422,200,,3.242184
A,burst,A-burst-3,7,2026-10-07T17:58:35.267229+00:00,6.0,6.015030298000056,1036.1292200000207,200,,4.895445
A,burst,A-burst-3,1,2026-10-07T17:58:35.254355+00:00,6.0,6.0021576310000455,1049.934667999878,200,,1.44504
A,burst,A-burst-3,2,2026-10-07T17:58:35.259292+00:00,6.0,6.007091952999872,1046.2172690004081,200,,0.438528
A,burst,A-burst-3,3,2026-10-07T17:58:35.260344+00:00,6.0,6.008146646000114,1048.128909999832,200,,5.684836
A,burst,A-burst-3,9,2026-10-07T17:58:35.272912+00:00,6.0,6.020712388999982,1035.920328999964,200,,6.325364
A,burst,A-burst-3,6,2026-10-07T17:58:35.264496+00:00,6.0,6.01229851800008,1045.0732770000286,200,,2.088606
A,burst,A-burst-3,0,2026-10-07T17:58:35.253799+00:00,6.0,6.001601298999958,1056.0308310000437,200,,3.671638
A,burst,A-burst-3,8,2026-10-07T17:58:35.269708+00:00,6.0,6.017508483000256,1040.3849790000095,200,,6.00402
A,burst,A-burst-3,5,2026-10-07T17:58:35.263896+00:00,6.0,6.011698431000241,1046.4710480000576,200,,7.227058
A,burst,A-burst-3,4,2026-10-07T17:58:35.263167+00:00,6.0,6.010968552000122,1047.4263520000022,200,,1.617408
A,burst,A-burst-4,1,2026-10-07T17:58:37.253670+00:00,8.0,8.001472753000144,1033.936342999823,200,,2.655006
A,burst,A-burst-4,7,2026-10-07T17:58:37.260725+00:00,8.0,8.008526976000212,1031.4478789996429,200,,1.33495
A,burst,A-burst-4,2,2026-10-07T17:58:37.254752+00:00,8.0,8.00255456800005,1037.7411889999166,200,,4.726188
A,burst,A-burst-4,4,2026-10-07T17:58:37.255777+00:00,8.0,8.003578895999908,1037.4344420001762,200,,3.793517
A,burst,A-burst-4,0,2026-10-07T17:58:37.253112+00:00,8.0,8.000914466000268,1042.857167999955,200,,1.246924
A,burst,A-burst-4,3,2026-10-07T17:58:37.255247+00:00,8.0,8.003048690000014,1041.8271339999592,200,,1.968924
A,burst,A-burst-4,8,2026-10-07T17:58:37.261496+00:00,8.0,8.009298840000156,1036.8201569999655,200,,3.877395
A,burst,A-burst-4,5,2026-10-07T17:58:37.257973+00:00,8.0,8.005775701999937,1042.055125999923,200,,3.069679
A,burst,A-burst-4,6,2026-10-07T17:58:37.259283+00:00,8.0,8.00708564100023,1040.0609260000238,200,,2.52683
A,burst,A-burst-4,9,2026-10-07T17:58:37.263638+00:00,8.0,8.011440487000073,1036.692425000183,200,,4.187279
A,burst,A-burst-5,8,2026-10-07T17:58:39.265541+00:00,10.0,10.013344018000225,1037.0453789996645,200,,3.584544
A,burst,A-burst-5,5,2026-10-07T17:58:39.260253+00:00,10.0,10.008055427000272,1043.6633809999876,200,,8.445296
A,burst,A-burst-5,3,2026-10-07T17:58:39.255883+00:00,10.0,10.003685593000228,1049.6885109996583,200,,5.42248
A,burst,A-burst-5,7,2026-10-07T17:58:39.265060+00:00,10.0,10.012862191000295,1040.7532790000005,200,,2.467634
A,burst,A-burst-5,9,2026-10-07T17:58:39.265907+00:00,10.0,10.013709984999878,1040.9980280001037,200,,4.688848
A,burst,A-burst-5,1,2026-10-07T17:58:39.253786+00:00,10.0,10.001588341000115,1053.3597049998207,200,,0.821031
A,burst,A-burst-5,6,2026-10-07T17:58:39.262248+00:00,10.0,10.01005029199996,1045.2509980000286,200,,5.114693
A,burst,A-burst-5,2,2026-10-07T17:58:39.254862+00:00,10.0,10.002663977999873,1053.5392250003497,200,,4.744429
A,burst,A-burst-5,4,2026-10-07T17:58:39.256582+00:00,10.0,10.004384784000194,1052.7777409997725,200,,8.317983
A,burst,A-burst-5,0,2026-10-07T17:58:39.253159+00:00,10.0,10.000961500999892,1058.1781610003418,200,,1.374642
B,burst,B-burst-0,8,2026-10-07T17:58:41.279302+00:00,12.0,12.027103877000172,1050.7203669999399,200,,20.012237
B,burst,B-burst-0,0,2026-10-07T17:58:41.254482+00:00,12.0,12.002284168000187,1076.8652060000932,200,,0.965404
B,burst,B-burst-0,4,2026-10-07T17:58:41.267802+00:00,12.0,12.015602236000177,1069.303704000049,200,,19.856295
B,burst,B-burst-0,7,2026-10-07T17:58:41.277314+00:00,12.0,12.025114978000147,1061.0086309998223,200,,3.703962
B,burst,B-burst-0,5,2026-10-07T17:58:41.269265+00:00,12.0,12.017066221000277,1069.640063999941,200,,2.725029
B,burst,B-burst-0,6,2026-10-07T17:58:41.272199+00:00,12.0,12.019999497000299,1067.057353999644,200,,12.882085
B,burst,B-burst-0,3,2026-10-07T17:58:41.261511+00:00,12.0,12.00931233900019,1079.8615199996675,200,,4.931236
B,burst,B-burst-0,1,2026-10-07T17:58:41.257030+00:00,12.0,12.0048316540001,1088.5457949998454,200,,0.436551
B,burst,B-burst-0,2,2026-10-07T17:58:41.259518+00:00,12.0,12.007318719000068,1087.1968460000971,200,,6.084343
B,burst,B-burst-0,9,2026-10-07T17:58:41.281959+00:00,12.0,12.029761145000066,1069.398738000018,200,,6.628565
A,burst,A-burst-6,2,2026-10-07T17:58:41.291596+00:00,12.0,12.03939851899986,1065.2300520000608,200,,5.049685
A,burst,A-burst-6,9,2026-10-07T17:58:41.335327+00:00,12.0,12.083128458999909,1022.872032000123,200,,9.833221
A,burst,A-burst-6,8,2026-10-07T17:58:41.331831+00:00,12.0,12.07963233800001,1026.6896260000067,200,,4.906573
A,burst,A-burst-6,1,2026-10-07T17:58:41.288566+00:00,12.0,12.036367430000155,1070.356447999984,200,,10.785397
A,burst,A-burst-6,3,2026-10-07T17:58:41.298837+00:00,12.0,12.046636946000035,1061.114998999983,200,,8.384502
A,burst,A-burst-6,7,2026-10-07T17:58:41.326246+00:00,12.0,12.074046814000212,1034.6647579999626,200,,16.751664
A,burst,A-burst-6,0,2026-10-07T17:58:41.287368+00:00,12.0,12.035168479000276,1073.85453400002,200,,0.655225
A,burst,A-burst-6,6,2026-10-07T17:58:41.322161+00:00,12.0,12.069961862000127,1039.3787190000694,200,,3.003157
A,burst,A-burst-6,4,2026-10-07T17:58:41.311628+00:00,12.0,12.059428571999888,1050.140210000336,200,,1.159738
A,burst,A-burst-6,5,2026-10-07T17:58:41.318218+00:00,12.0,12.066018516999975,1043.7130909999723,200,,8.739868
B,burst,B-burst-1,2,2026-10-07T17:58:43.257453+00:00,14.0,14.005255388000023,1031.9830019998335,200,,2.012208
B,burst,B-burst-1,1,2026-10-07T17:58:43.256550+00:00,14.0,14.004352785000265,1035.2300969998396,200,,6.67113
B,burst,B-burst-1,3,2026-10-07T17:58:43.258014+00:00,14.0,14.005816678999963,1039.5103930000005,200,,7.103843
B,burst,B-burst-1,7,2026-10-07T17:58:43.263129+00:00,14.0,14.010931190000065,1035.1928869999938,200,,0.401541
B,burst,B-burst-1,9,2026-10-07T17:58:43.265390+00:00,14.0,14.01319273800027,1035.948396999629,200,,7.448926
B,burst,B-burst-1,8,2026-10-07T17:58:43.264221+00:00,14.0,14.01202319999993,1037.4079739999615,200,,8.6787
B,burst,B-burst-1,0,2026-10-07T17:58:43.255461+00:00,14.0,14.003263495000283,1047.187157999815,200,,4.716737
B,burst,B-burst-1,6,2026-10-07T17:58:43.262704+00:00,14.0,14.010507116000099,1041.6022770000382,200,,10.630698
B,burst,B-burst-1,4,2026-10-07T17:58:43.260830+00:00,14.0,14.008629765000023,1043.7503600001037,200,,8.822704
B,burst,B-burst-1,5,2026-10-07T17:58:43.262284+00:00,14.0,14.01008526600026,1042.560635999962,200,,5.609868
A,burst,A-burst-7,9,2026-10-07T17:58:43.287730+00:00,14.0,14.035532616000182,1043.1555729996944,200,,6.269295
A,burst,A-burst-7,0,2026-10-07T17:58:43.273217+00:00,14.0,14.021016963999955,1059.1707260000476,200,,4.299191
A,burst,A-burst-7,2,2026-10-07T17:58:43.275206+00:00,14.0,14.022960615000102,1057.4833030000264,200,,9.577296
A,burst,A-burst-7,3,2026-10-07T17:58:43.278644+00:00,14.0,14.026446071999999,1054.2398800002957,200,,4.556453
A,burst,A-burst-7,1,2026-10-07T17:58:43.274226+00:00,14.0,14.022028112000044,1058.8864189999185,200,,6.390783
A,burst,A-burst-7,8,2026-10-07T17:58:43.287180+00:00,14.0,14.03498265799999,1050.373891000163,200,,6.380559
A,burst,A-burst-7,5,2026-10-07T17:58:43.283318+00:00,14.0,14.031119746000059,1054.5284169998013,200,,6.478057
A,burst,A-burst-7,4,2026-10-07T17:58:43.281347+00:00,14.0,14.029149641000004,1056.7295599998943,200,,9.289344
A,burst,A-burst-7,7,2026-10-07T17:58:43.284827+00:00,14.0,14.03262876000008,1055.504216999907,200,,4.889461
A,burst,A-burst-7,6,2026-10-07T17:58:43.284368+00:00,14.0,14.032170623000184,1056.2135119998857,200,,4.847927
B,burst,B-burst-2,1,2026-10-07T17:58:45.255627+00:00,16.0,16.003429159000007,1057.7799970001251,200,,3.933058
B,burst,B-burst-2,0,2026-10-07T17:58:45.253487+00:00,16.0,16.00128685200025,1060.2942509999593,200,,3.135542
B,burst,B-burst-2,7,2026-10-07T17:58:45.273245+00:00,16.0,16.021046853999906,1041.7948680001246,200,,7.357473
B,burst,B-burst-2,3,2026-10-07T17:58:45.259852+00:00,16.0,16.007653940000182,1058.656449999944,200,,8.459817
B,burst,B-burst-2,8,2026-10-07T17:58:45.276179+00:00,16.0,16.023980189000213,1042.5861979997535,200,,7.719836
B,burst,B-burst-2,4,2026-10-07T17:58:45.265162+00:00,16.0,16.01296157300021,1053.8356179999937,200,,6.126372
B,burst,B-burst-2,5,2026-10-07T17:58:45.269406+00:00,16.0,16.017205704999924,1049.8644839999542,200,,3.608546
B,burst,B-burst-2,6,2026-10-07T17:58:45.271512+00:00,16.0,16.019313800999953,1047.9715660003421,200,,4.728071
B,burst,B-burst-2,2,2026-10-07T17:58:45.259175+00:00,16.0,16.006975279000017,1060.4584890002116,200,,7.971839
B,burst,B-burst-2,9,2026-10-07T17:58:45.277651+00:00,16.0,16.025453248000304,1042.9921439999816,200,,9.755272
B,burst,B-burst-3,9,2026-10-07T17:58:47.273049+00:00,18.0,18.020850738000263,1028.3126299996184,200,,4.246031
B,burst,B-burst-3,1,2026-10-07T17:58:47.255106+00:00,18.0,18.00290793000022,1052.1026209999036,200,,1.207859
B,burst,B-burst-3,0,2026-10-07T17:58:47.253451+00:00,18.0,18.001253200000065,1054.845613999987,200,,1.638914
B,burst,B-burst-3,6,2026-10-07T17:58:47.265680+00:00,18.0,18.01348135299986,1042.895361000319,200,,7.101572
B,burst,B-burst-3,5,2026-10-07T17:58:47.264907+00:00,18.0,18.012708037000266,1045.8172089997788,200,,4.713093
B,burst,B-burst-3,7,2026-10-07T17:58:47.267254+00:00,18.0,18.015055848999964,1043.7389779999648,200,,9.712716
B,burst,B-burst-3,4,2026-10-07T17:58:47.259246+00:00,18.0,18.00704783800029,1053.523414999745,200,,3.681899
B,burst,B-burst-3,3,2026-10-07T17:58:47.256385+00:00,18.0,18.004187787999854,1056.7401820003397,200,,2.80571
B,burst,B-burst-3,2,2026-10-07T17:58:47.255749+00:00,18.0,18.003550968000127,1057.6804669999547,200,,3.450086
B,burst,B-burst-3,8,2026-10-07T17:58:47.269023+00:00,18.0,18.016824994000217,1044.672440999875,200,,0.342198
B,burst,B-burst-4,9,2026-10-07T17:58:49.269063+00:00,20.0,20.01686529000017,1031.22118400006,200,,5.410697
B,burst,B-burst-4,0,2026-10-07T17:58:49.254460+00:00,20.0,20.0022614909999,1050.017501000184,200,,0.765463
B,burst,B-burst-4,2,2026-10-07T17:58:49.257423+00:00,20.0,20.005224722000094,1048.9285710000331,200,,3.27924
B,burst,B-burst-4,3,2026-10-07T17:58:49.258467+00:00,20.0,20.00626802600027,1048.5510839998824,200,,5.568964
B,burst,B-burst-4,8,2026-10-07T17:58:49.267328+00:00,20.0,20.015130736000174,1041.0873369996807,200,,6.924714
B,burst,B-burst-4,7,2026-10-07T17:58:49.266672+00:00,20.0,20.014473225000074,1043.0788489998122,200,,4.106913
B,burst,B-burst-4,4,2026-10-07T17:58:49.259487+00:00,20.0,20.00728905400001,1053.817495000203,200,,7.067962
B,burst,B-burst-4,6,2026-10-07T17:58:49.264573+00:00,20.0,20.012374622000152,1049.9563309999758,200,,4.042227
B,burst,B-burst-4,1,2026-10-07T17:58:49.255355+00:00,20.0,20.003156024999953,1059.4189220000771,200,,0.720332
B,burst,B-burst-4,5,2026-10-07T17:58:49.259989+00:00,20.0,20.00779159600006,1055.3761199998917,200,,3.447922
B,burst,B-burst-5,8,2026-10-07T17:58:51.263810+00:00,22.0,22.01161213400019,1030.1245020000351,200,,0.849946
B,burst,B-burst-5,1,2026-10-07T17:58:51.254812+00:00,22.0,22.00261343000011,1039.5073740000953,200,,4.960899
B,burst,B-burst-5,0,2026-10-07T17:58:51.253459+00:00,22.0,22.001259975000266,1041.9863869997243,200,,2.228038
B,burst,B-burst-5,2,2026-10-07T17:58:51.255778+00:00,22.0,22.003579259000162,1039.946129999862,200,,0.365854
B,burst,B-burst-5,3,2026-10-07T17:58:51.256301+00:00,22.0,22.00410287700015,1040.5222579997826,200,,7.78888
B,burst,B-burst-5,5,2026-10-07T17:58:51.259304+00:00,22.0,22.007106497000223,1038.5862250000173,200,,3.368694
B,burst,B-burst-5,4,2026-10-07T17:58:51.256712+00:00,22.0,22.004514238999946,1041.4184030000797,200,,9.913321
B,burst,B-burst-5,7,2026-10-07T17:58:51.263244+00:00,22.0,22.011045989000195,1036.0810439997294,200,,2.619728
B,burst,B-burst-5,6,2026-10-07T17:58:51.262311+00:00,22.0,22.010112301999925,1037.2573470003772,200,,2.944882
B,burst,B-burst-5,9,2026-10-07T17:58:51.267645+00:00,22.0,22.015445936000106,1036.7163269997945,200,,1.071918
B,burst,B-burst-6,2,2026-10-07T17:58:53.259557+00:00,24.0,24.00735757800021,1035.5553179997514,200,,2.26357
B,burst,B-burst-6,0,2026-10-07T17:58:53.254648+00:00,24.0,24.00244996599986,1041.837255000246,200,,3.22211
B,burst,B-burst-6,7,2026-10-07T17:58:53.267419+00:00,24.0,24.015221269999984,1029.1866319998917,200,,5.043833
B,burst,B-burst-6,1,2026-10-07T17:58:53.256610+00:00,24.0,24.004410546000145,1040.1092329998392,200,,3.950368
B,burst,B-burst-6,5,2026-10-07T17:58:53.264164+00:00,24.0,24.01196464800023,1032.6629090000097,200,,6.709888
B,burst,B-burst-6,6,2026-10-07T17:58:53.265891+00:00,24.0,24.01369340800011,1032.9472729999907,200,,4.436505
B,burst,B-burst-6,4,2026-10-07T17:58:53.260482+00:00,24.0,24.008284556000035,1038.7444130001313,200,,4.721564
B,burst,B-burst-6,3,2026-10-07T17:58:53.260095+00:00,24.0,24.007896534999873,1041.432585000166,200,,6.586178
B,burst,B-burst-6,9,2026-10-07T17:58:53.274551+00:00,24.0,24.022350602000188,1028.4309789999497,200,,2.847075
B,burst,B-burst-6,8,2026-10-07T17:58:53.269021+00:00,24.0,24.016823124999974,1036.3502240002163,200,,3.8939
B,burst,B-burst-7,8,2026-10-07T17:58:55.268346+00:00,26.0,26.01614814300001,1032.5217160002467,200,,9.245941
B,burst,B-burst-7,1,2026-10-07T17:58:55.253509+00:00,26.0,26.00131206900005,1047.7396740002405,200,,0.398496
B,burst,B-burst-7,2,2026-10-07T17:58:55.254963+00:00,26.0,26.002765081000234,1046.5329429998746,200,,4.159914
B,burst,B-burst-7,4,2026-10-07T17:58:55.255950+00:00,26.0,26.003752111000267,1050.2756859996225,200,,3.41462
B,burst,B-burst-7,7,2026-10-07T17:58:55.266877+00:00,26.0,26.014678055999866,1040.4439010003443,200,,1.82026
B,burst,B-burst-7,6,2026-10-07T17:58:55.264516+00:00,26.0,26.012316317000113,1044.446574000176,200,,0.648074
B,burst,B-burst-7,3,2026-10-07T17:58:55.255545+00:00,26.0,26.003347766999923,1053.8723480003682,200,,4.073768
B,burst,B-burst-7,0,2026-10-07T17:58:55.252861+00:00,26.0,26.000663347000227,1057.4641069997597,200,,2.636465
B,burst,B-burst-7,9,2026-10-07T17:58:55.269679+00:00,26.0,26.01748137499999,1040.9778020002705,200,,5.489922
B,burst,B-burst-7,5,2026-10-07T17:58:55.259437+00:00,26.0,26.007237193000037,1051.9353660001798,200,,0.413838
B,burst,B-burst-8,1,2026-10-07T17:58:57.254910+00:00,28.0,28.00271199200006,1042.580401000123,200,,4.95217
B,burst,B-burst-8,0,2026-10-07T17:58:57.254173+00:00,28.0,28.001974100000098,1049.1171079997912,200,,5.621863
B,burst,B-burst-8,8,2026-10-07T17:58:57.268684+00:00,28.0,28.016484536000007,1035.0304690000485,200,,7.060427
B,burst,B-burst-8,6,2026-10-07T17:58:57.264129+00:00,28.0,28.011931304999962,1039.8607570000422,200,,1.477582
B,burst,B-burst-8,7,2026-10-07T17:58:57.265325+00:00,28.0,28.013127670999893,1041.12189100033,200,,6.425414
B,burst,B-burst-8,3,2026-10-07T17:58:57.258918+00:00,28.0,28.006720808999944,1047.8508270002749,200,,6.907835
B,burst,B-burst-8,9,2026-10-07T17:58:57.276623+00:00,28.0,28.024423481000213,1031.714508999812,200,,8.109449
B,burst,B-burst-8,2,2026-10-07T17:58:57.257675+00:00,28.0,28.005476331999944,1051.6721080002753,200,,2.732767
B,burst,B-burst-8,4,2026-10-07T17:58:57.259672+00:00,28.0,28.007474126000034,1049.9786850000419,200,,8.62206
B,burst,B-burst-8,5,2026-10-07T17:58:57.262271+00:00,28.0,28.01007352600027,1047.6173189999827,200,,0.388883
B,burst,B-burst-9,4,2026-10-07T17:58:59.263359+00:00,30.0,30.011158856000293,1043.517436000002,200,,5.432297
B,burst,B-burst-9,1,2026-10-07T17:58:59.255838+00:00,30.0,30.00363881400017,1052.4327200000698,200,,2.518855
B,burst,B-burst-9,8,2026-10-07T17:58:59.271143+00:00,30.0,30.01894392400027,1037.5112419997095,200,,3.493769
B,burst,B-burst-9,3,2026-10-07T17:58:59.257279+00:00,30.0,30.0050805220003,1051.628074999826,200,,6.485165
B,burst,B-burst-9,7,2026-10-07T17:58:59.267096+00:00,30.0,30.01489841600005,1042.1123569999509,200,,2.225679
B,burst,B-burst-9,0,2026-10-07T17:58:59.252879+00:00,30.0,30.000681393999912,1056.458023000232,200,,3.158699
B,burst,B-burst-9,9,2026-10-07T17:58:59.271752+00:00,30.0,30.019554298000003,1040.5173859999195,200,,7.249555
B,burst,B-burst-9,5,2026-10-07T17:58:59.264157+00:00,30.0,30.011958613999923,1049.9960810002449,200,,5.960705
B,burst,B-burst-9,2,2026-10-07T17:58:59.256442+00:00,30.0,30.004243832000157,1058.0524179999884,200,,1.427581
B,burst,B-burst-9,6,2026-10-07T17:58:59.265545+00:00,30.0,30.013347516000067,1049.305947999983,200,,5.270829
B,burst,B-burst-10,9,2026-10-07T17:59:01.263275+00:00,32.0,32.01107753999986,1022.54025000002,200,,6.271086
B,burst,B-burst-10,5,2026-10-07T17:59:01.260206+00:00,32.0,32.00800850299993,1031.5779410002506,200,,7.983761
B,burst,B-burst-10,1,2026-10-07T17:59:01.254747+00:00,32.0,32.002548900999955,1037.3363749999953,200,,4.229301
B,burst,B-burst-10,3,2026-10-07T17:59:01.256692+00:00,32.0,32.0044938420001,1036.729502000071,200,,0.564177
B,burst,B-burst-10,6,2026-10-07T17:59:01.261321+00:00,32.0,32.00912317400025,1033.0084140000508,200,,11.031649
B,burst,B-burst-10,4,2026-10-07T17:59:01.258719+00:00,32.0,32.00652106000007,1036.1623700000564,200,,8.711861
B,burst,B-burst-10,7,2026-10-07T17:59:01.261844+00:00,32.0,32.00964687900023,1035.494960000051,200,,9.857086
B,burst,B-burst-10,8,2026-10-07T17:59:01.262463+00:00,32.0,32.01026522500024,1035.1631879998422,200,,7.639032
B,burst,B-burst-10,0,2026-10-07T17:59:01.253108+00:00,32.0,32.00090950799995,1044.642273000136,200,,4.084101
B,burst,B-burst-10,2,2026-10-07T17:59:01.256154+00:00,32.0,32.00395649300026,1041.71013999985,200,,0.302653
B,burst,B-burst-11,9,2026-10-07T17:59:03.267614+00:00,34.0,34.015416345000176,1033.8910099999339,200,,4.931706
B,burst,B-burst-11,0,2026-10-07T17:59:03.253502+00:00,34.0,34.00130408399991,1051.8153850002818,200,,0.511346
B,burst,B-burst-11,1,2026-10-07T17:59:03.254801+00:00,34.0,34.00260272000014,1051.2327470000855,200,,6.794621
B,burst,B-burst-11,2,2026-10-07T17:59:03.256315+00:00,34.0,34.004111701000056,1050.136498000029,200,,5.877461
B,burst,B-burst-11,4,2026-10-07T17:59:03.257444+00:00,34.0,34.00524668900016,1050.8418240001447,200,,7.734922
B,burst,B-burst-11,7,2026-10-07T17:59:03.259712+00:00,34.0,34.007514334999996,1054.6476550002808,200,,1.094423
B,burst,B-burst-11,8,2026-10-07T17:59:03.266727+00:00,34.0,34.01452738099988,1048.0000930001552,200,,1.747355
B,burst,B-burst-11,3,2026-10-07T17:59:03.256859+00:00,34.0,34.00466145900009,1058.1518099997993,200,,0.23993
B,burst,B-burst-11,6,2026-10-07T17:59:03.259319+00:00,34.0,34.00712176800016,1056.2527080001018,200,,8.976727
B,burst,B-burst-11,5,2026-10-07T17:59:03.258383+00:00,34.0,34.00618576900024,1056.8149609998727,200,,4.752001
B,burst,B-burst-12,0,2026-10-07T17:59:05.253785+00:00,36.0,36.001587120000295,1042.06787899966,200,,1.120409
B,burst,B-burst-12,9,2026-10-07T17:59:05.275264+00:00,36.0,36.02306547800026,1021.5950089996113,200,,1.555283
B,burst,B-burst-12,2,2026-10-07T17:59:05.255270+00:00,36.0,36.00307188400029,1043.0491489996712,200,,3.526156
B,burst,B-burst-12,3,2026-10-07T17:59:05.255700+00:00,36.0,36.0035021030003,1042.8816599996935,200,,2.009278
B,burst,B-burst-12,1,2026-10-07T17:59:05.254801+00:00,36.0,36.00260371500008,1051.1171940001987,200,,1.257926
B,burst,B-burst-12,6,2026-10-07T17:59:05.265170+00:00,36.0,36.01297103900015,1041.2577120000606,200,,9.830927
B,burst,B-burst-12,5,2026-10-07T17:59:05.262988+00:00,36.0,36.01078836500028,1043.706533999739,200,,3.671069
B,burst,B-burst-12,7,2026-10-07T17:59:05.267213+00:00,36.0,36.015015554,1039.6995700002662,200,,7.608011
B,burst,B-burst-12,4,2026-10-07T17:59:05.257149+00:00,36.0,36.004950307999934,1050.027589000365,200,,3.983252
B,burst,B-burst-12,8,2026-10-07T17:59:05.271983+00:00,36.0,36.01978355300025,1035.4438750000554,200,,4.604171
B,burst,B-burst-13,2,2026-10-07T17:59:07.259922+00:00,38.0,38.00772288300004,1039.7886499999913,200,,2.237539
B,burst,B-burst-13,9,2026-10-07T17:59:07.266917+00:00,38.0,38.01471894899987,1034.4527570000537,200,,4.49414
B,burst,B-burst-13,0,2026-10-07T17:59:07.253739+00:00,38.0,38.00154105299998,1047.9420850001588,200,,0.439011
B,burst,B-burst-13,8,2026-10-07T17:59:07.266355+00:00,38.0,38.014157806000185,1038.692534999882,200,,7.893595
B,burst,B-burst-13,3,2026-10-07T17:59:07.260832+00:00,38.0,38.00863387800018,1045.5231410001034,200,,1.534683
B,burst,B-burst-13,7,2026-10-07T17:59:07.265670+00:00,38.0,38.01347170899999,1041.6994360002718,200,,3.257432
B,burst,B-burst-13,1,2026-10-07T17:59:07.254994+00:00,38.0,38.00279554300005,1053.2346509999115,200,,0.51095
B,burst,B-burst-13,5,2026-10-07T17:59:07.262293+00:00,38.0,38.01009535899993,1047.894178000206,200,,5.094676
B,burst,B-burst-13,6,2026-10-07T17:59:07.262673+00:00,38.0,38.01047576100018,1047.7892670000983,200,,1.147187
B,burst,B-burst-13,4,2026-10-07T17:59:07.261308+00:00,38.0,38.00911047599993,1049.4178640001337,200,,2.720959
B,burst,B-burst-14,4,2026-10-07T17:59:09.258507+00:00,40.0,40.00630905900016,1038.0094839997582,200,,2.263131
B,burst,B-burst-14,8,2026-10-07T17:59:09.266100+00:00,40.0,40.01390093600003,1032.2506520001298,200,,5.234449
B,burst,B-burst-14,6,2026-10-07T17:59:09.261335+00:00,40.0,40.00913721100005,1038.145643000007,200,,0.747685
B,burst,B-burst-14,5,2026-10-07T17:59:09.259086+00:00,40.0,40.00688843900025,1041.152394999699,200,,2.930697
B,burst,B-burst-14,9,2026-10-07T17:59:09.269371+00:00,40.0,40.01717210400011,1031.11780800009,200,,3.17903
B,burst,B-burst-14,0,2026-10-07T17:59:09.254607+00:00,40.0,40.00240817800022,1047.8208199997425,200,,4.791755
B,burst,B-burst-14,3,2026-10-07T17:59:09.257768+00:00,40.0,40.0055708509999,1047.656327000368,200,,4.57078
B,burst,B-burst-14,1,2026-10-07T17:59:09.256756+00:00,40.0,40.00455813200006,1048.9470500001516,200,,4.450957
B,burst,B-burst-14,2,2026-10-07T17:59:09.257383+00:00,40.0,40.005184766000184,1048.5818610000024,200,,2.796514
B,burst,B-burst-14,7,2026-10-07T17:59:09.262629+00:00,40.0,40.01043074900008,1043.5608490001869,200,,4.046019
B,burst,B-burst-15,8,2026-10-07T17:59:11.268652+00:00,42.0,42.016453341000215,1030.6026509997537,200,,1.146849
B,burst,B-burst-15,0,2026-10-07T17:59:11.253757+00:00,42.0,42.00155806700013,1045.9173049998753,200,,1.004927
B,burst,B-burst-15,1,2026-10-07T17:59:11.254718+00:00,42.0,42.0025198809999,1050.3828720002275,200,,1.264531
B,burst,B-burst-15,3,2026-10-07T17:59:11.256422+00:00,42.0,42.00422501699995,1049.9845900003493,200,,3.745786
B,burst,B-burst-15,6,2026-10-07T17:59:11.265198+00:00,42.0,42.012999372000195,1041.4783490000445,200,,3.812265
B,burst,B-burst-15,7,2026-10-07T17:59:11.265743+00:00,42.0,42.013545539000006,1041.162901000007,200,,3.066196
B,burst,B-burst-15,5,2026-10-07T17:59:11.261350+00:00,42.0,42.00915128999986,1046.919784000238,200,,4.060551
B,burst,B-burst-15,2,2026-10-07T17:59:11.255945+00:00,42.0,42.003747191,1052.69575300008,200,,2.810343
B,burst,B-burst-15,4,2026-10-07T17:59:11.259588+00:00,42.0,42.00738785700014,1049.6152949999669,200,,5.467407
B,burst,B-burst-15,9,2026-10-07T17:59:11.269256+00:00,42.0,42.017057948,1043.1972139999743,200,,3.042991
B,burst,B-burst-16,9,2026-10-07T17:59:13.269059+00:00,44.0,44.01686074500003,1013.1444180001381,200,,5.229709
B,burst,B-burst-16,0,2026-10-07T17:59:13.253503+00:00,44.0,44.00130471500006,1034.8692839997966,200,,1.486013
B,burst,B-burst-16,1,2026-10-07T17:59:13.254533+00:00,44.0,44.00233491200015,1034.662821999973,200,,0.741174
B,burst,B-burst-16,5,2026-10-07T17:59:13.258836+00:00,44.0,44.006638703000135,1031.826338999963,200,,4.570711
B,burst,B-burst-16,3,2026-10-07T17:59:13.256795+00:00,44.0,44.00459754200028,1034.7269339999912,200,,3.880634
B,burst,B-burst-16,2,2026-10-07T17:59:13.255532+00:00,44.0,44.00333427800024,1036.2388159996954,200,,1.471819
B,burst,B-burst-16,4,2026-10-07T17:59:13.257685+00:00,44.0,44.005487005000305,1034.7775929999443,200,,3.245205
B,burst,B-burst-16,7,2026-10-07T17:59:13.264852+00:00,44.0,44.0126546030001,1027.873426000042,200,,5.2249
B,burst,B-burst-16,6,2026-10-07T17:59:13.263705+00:00,44.0,44.01150613600021,1031.714245999865,200,,1.826481
B,burst,B-burst-16,8,2026-10-07T17:59:13.267074+00:00,44.0,44.01487611900029,1030.2602069996283,200,,4.692719
B,burst,B-burst-17,0,2026-10-07T17:59:15.253834+00:00,46.0,46.00163577500007,1032.7029609998135,200,,0.582854
B,burst,B-burst-17,3,2026-10-07T17:59:15.259972+00:00,46.0,46.00777297400009,1026.887115000136,200,,3.354107
B,burst,B-burst-17,6,2026-10-07T17:59:15.263879+00:00,46.0,46.01168086500002,1023.127076000037,200,,1.760851
B,burst,B-burst-17,5,2026-10-07T17:59:15.262401+00:00,46.0,46.010203101000116,1028.312299999925,200,,3.867615
B,burst,B-burst-17,7,2026-10-07T17:59:15.265612+00:00,46.0,46.013413631000276,1026.083180999649,200,,1.74571
B,burst,B-burst-17,8,2026-10-07T17:59:15.269250+00:00,46.0,46.01705129599986,1022.577222000109,200,,1.879689
B,burst,B-burst-17,4,2026-10-07T17:59:15.260435+00:00,46.0,46.00823790200002,1031.5104420001262,200,,5.068478
B,burst,B-burst-17,1,2026-10-07T17:59:15.256823+00:00,46.0,46.004623577000075,1035.2347349999036,200,,1.218369
B,burst,B-burst-17,2,2026-10-07T17:59:15.257420+00:00,46.0,46.00522235800008,1034.8896619998413,200,,0.923217
B,burst,B-burst-17,9,2026-10-07T17:59:15.271186+00:00,46.0,46.01898602900019,1023.6118239999996,200,,1.745568
B,burst,B-burst-18,4,2026-10-07T17:59:17.256722+00:00,48.0,48.00452431700023,1037.1748039997328,200,,8.29163
B,burst,B-burst-18,7,2026-10-07T17:59:17.265941+00:00,48.0,48.01374284800022,1028.2883109998693,200,,5.055396
B,burst,B-burst-18,6,2026-10-07T17:59:17.264362+00:00,48.0,48.01216258800014,1031.1859469998126,200,,0.915274
B,burst,B-burst-18,8,2026-10-07T17:59:17.266567+00:00,48.0,48.01436945600017,1029.2211969999698,200,,8.130259
B,burst,B-burst-18,5,2026-10-07T17:59:17.257416+00:00,48.0,48.00521814600006,1038.760234000165,200,,1.636806
B,burst,B-burst-18,2,2026-10-07T17:59:17.255478+00:00,48.0,48.003279708000264,1041.064213000027,200,,5.670692
B,burst,B-burst-18,9,2026-10-07T17:59:17.267471+00:00,48.0,48.01527339699987,1029.831089000254,200,,1.23302
B,burst,B-burst-18,3,2026-10-07T17:59:17.255953+00:00,48.0,48.003755081000236,1041.7540769999505,200,,2.733672
B,burst,B-burst-18,0,2026-10-07T17:59:17.253908+00:00,48.0,48.001707572000214,1043.9349179996498,200,,2.246878
B,burst,B-burst-18,1,2026-10-07T17:59:17.254527+00:00,48.0,48.002329144000214,1043.5729490000085,200,,5.832263
B,burst,B-burst-19,3,2026-10-07T17:59:19.258023+00:00,50.0,50.00582550299987,1049.2786640002123,200,,3.667812
B,burst,B-burst-19,9,2026-10-07T17:59:19.267621+00:00,50.0,50.015421983000124,1044.799199999943,200,,3.203182
B,burst,B-burst-19,6,2026-10-07T17:59:19.263264+00:00,50.0,50.01106608200007,1044.6596299998419,200,,4.648582
B,burst,B-burst-19,0,2026-10-07T17:59:19.253277+00:00,50.0,50.001079822000065,1057.9777950001699,200,,2.829193
B,burst,B-burst-19,2,2026-10-07T17:59:19.257544+00:00,50.0,50.00534610400018,1053.8853059997564,200,,4.009638
B,burst,B-burst-19,1,2026-10-07T17:59:19.254715+00:00,50.0,50.002517717000046,1056.840455999918,200,,1.504474
B,burst,B-burst-19,8,2026-10-07T17:59:19.263942+00:00,50.0,50.01174453400017,1047.730675999901,200,,4.828408
B,burst,B-burst-19,7,2026-10-07T17:59:19.263703+00:00,50.0,50.011505209999996,1048.084843000197,200,,2.024123
B,burst,B-burst-19,4,2026-10-07T17:59:19.262342+00:00,50.0,50.01014349800016,1050.3946740000174,200,,1.215737
B,burst,B-burst-19,5,2026-10-07T17:59:19.262858+00:00,50.0,50.01066016000004,1044.6946329998354,200,,2.581278
B,burst,B-burst-20,1,2026-10-07T17:59:21.256124+00:00,52.0,52.003924634000214,1044.1085879997445,200,,2.54045
B,burst,B-burst-20,5,2026-10-07T17:59:21.267135+00:00,52.0,52.01493553699993,1033.535719000156,200,,6.142166
B,burst,B-burst-20,8,2026-10-07T17:59:21.275845+00:00,52.0,52.02364576299988,1025.6583610002963,200,,10.827728
B,burst,B-burst-20,2,2026-10-07T17:59:21.256743+00:00,52.0,52.004544773999896,1045.096274000116,200,,2.808813
B,burst,B-burst-20,0,2026-10-07T17:59:21.254186+00:00,52.0,52.00198826699989,1048.000561000208,200,,4.676985
B,burst,B-burst-20,9,2026-10-07T17:59:21.277296+00:00,52.0,52.02509850000024,1025.0916539998798,200,,5.01347
B,burst,B-burst-20,7,2026-10-07T17:59:21.268529+00:00,52.0,52.01633145400001,1034.8122400000648,200,,5.864869
B,burst,B-burst-20,3,2026-10-07T17:59:21.258304+00:00,52.0,52.00610657900006,1045.6361269998524,200,,0.260076
B,burst,B-burst-20,6,2026-10-07T17:59:21.268215+00:00,52.0,52.01601655500008,1036.8939889999638,200,,7.072349
B,burst,B-burst-20,4,2026-10-07T17:59:21.260921+00:00,52.0,52.008722489999855,1045.558591000372,200,,1.170769
B,burst,B-burst-21,9,2026-10-07T17:59:23.268319+00:00,54.0,54.01612027700003,1018.894704000104,200,,1.787116
B,burst,B-burst-21,1,2026-10-07T17:59:23.254906+00:00,54.0,54.00270858000022,1035.5290119996425,200,,3.130542
B,burst,B-burst-21,0,2026-10-07T17:59:23.254349+00:00,54.0,54.00215079000009,1036.3907470000413,200,,3.793521
B,burst,B-burst-21,2,2026-10-07T17:59:23.255613+00:00,54.0,54.00341478600012,1035.3589450000982,200,,2.468198
B,burst,B-burst-21,4,2026-10-07T17:59:23.256974+00:00,54.0,54.00477645199999,1037.1341879999818,200,,2.017793
B,burst,B-burst-21,7,2026-10-07T17:59:23.262903+00:00,54.0,54.01070418300014,1032.0884530001422,200,,3.558784
B,burst,B-burst-21,3,2026-10-07T17:59:23.256431+00:00,54.0,54.00423367400026,1039.4327359999807,200,,6.834505
B,burst,B-burst-21,6,2026-10-07T17:59:23.261710+00:00,54.0,54.00951139600011,1035.0729860001593,200,,4.442737
B,burst,B-burst-21,8,2026-10-07T17:59:23.267619+00:00,54.0,54.01541961300018,1029.4412399998691,200,,1.828257
B,burst,B-burst-21,5,2026-10-07T17:59:23.260275+00:00,54.0,54.00807607200022,1037.2051279996413,200,,5.592738
B,burst,B-burst-22,6,2026-10-07T17:59:25.264538+00:00,56.0,56.01234043600016,1016.7670420000832,200,,1.722953
B,burst,B-burst-22,2,2026-10-07T17:59:25.257305+00:00,56.0,56.00510561200008,1026.9671959999869,200,,4.038587
B,burst,B-burst-22,1,2026-10-07T17:59:25.254913+00:00,56.0,56.00271475799991,1029.9564710003324,200,,1.056632
B,burst,B-burst-22,3,2026-10-07T17:59:25.259525+00:00,56.0,56.00732648100029,1026.0326359998544,200,,1.270457
B,burst,B-burst-22,0,2026-10-07T17:59:25.254291+00:00,56.0,56.00209342500011,1035.193831000015,200,,3.346132
B,burst,B-burst-22,5,2026-10-07T17:59:25.262974+00:00,56.0,56.01077549499996,1026.7246359999262,200,,0.940035
B,burst,B-burst-22,4,2026-10-07T17:59:25.261883+00:00,56.0,56.009684819000086,1031.4583740000671,200,,1.981221
B,burst,B-burst-22,7,2026-10-07T17:59:25.265725+00:00,56.0,56.01352755500011,1027.9063859998132,200,,1.673028
B,burst,B-burst-22,9,2026-10-07T17:59:25.268711+00:00,56.0,56.016513253000085,1025.855459000013,200,,0.940755
B,burst,B-burst-22,8,2026-10-07T17:59:25.267390+00:00,56.0,56.015191661000244,1027.930508999816,200,,2.361156
B,burst,B-burst-23,2,2026-10-07T17:59:27.255409+00:00,58.0,58.003210643999864,1031.4068190000398,200,,2.211326
B,burst,B-burst-23,1,2026-10-07T17:59:27.254338+00:00,58.0,58.002140387000054,1034.7268179998537,200,,8.586033
B,burst,B-burst-23,5,2026-10-07T17:59:27.257999+00:00,58.0,58.005802052000035,1031.425562000095,200,,4.076594
B,burst,B-burst-23,7,2026-10-07T17:59:27.267076+00:00,58.0,58.01487599600023,1022.6648879997811,200,,6.264466
B,burst,B-burst-23,3,2026-10-07T17:59:27.255669+00:00,58.0,58.003470991000086,1034.5456919999378,200,,4.322053
B,burst,B-burst-23,4,2026-10-07T17:59:27.257409+00:00,58.0,58.00520899999992,1033.036130000255,200,,3.11433
B,burst,B-burst-23,6,2026-10-07T17:59:27.262958+00:00,58.0,58.01075799899991,1028.6969369999497,200,,7.000283
B,burst,B-burst-23,0,2026-10-07T17:59:27.253643+00:00,58.0,58.00144518500019,1038.947714999722,200,,1.982358
B,burst,B-burst-23,8,2026-10-07T17:59:27.268145+00:00,58.0,58.01594671800012,1024.8429429998396,200,,2.587111
B,burst,B-burst-23,9,2026-10-07T17:59:27.268897+00:00,58.0,58.0166996060002,1024.4128649997037,200,,1.680827
B,burst,B-burst-24,3,2026-10-07T17:59:29.255686+00:00,60.0,60.00348784300013,1021.4923580001596,200,,6.258611
B,burst,B-burst-24,2,2026-10-07T17:59:29.254535+00:00,60.0,60.00233832699996,1025.2717190001022,200,,0.774857
B,burst,B-burst-24,0,2026-10-07T17:59:29.253785+00:00,60.0,60.00158712300026,1026.5405389995976,200,,1.919663
B,burst,B-burst-24,4,2026-10-07T17:59:29.256454+00:00,60.0,60.00425687000006,1024.4876820001991,200,,1.807196
B,burst,B-burst-24,8,2026-10-07T17:59:29.259655+00:00,60.0,60.00745787300002,1022.6831579998361,200,,6.700665
B,burst,B-burst-24,6,2026-10-07T17:59:29.257834+00:00,60.0,60.00563656500026,1026.1309509996863,200,,2.645721
B,burst,B-burst-24,7,2026-10-07T17:59:29.258891+00:00,60.0,60.00669337699992,1025.6121229999735,200,,2.49337
B,burst,B-burst-24,5,2026-10-07T17:59:29.256934+00:00,60.0,60.00473637699997,1027.7280909999718,200,,5.289761
B,burst,B-burst-24,9,2026-10-07T17:59:29.260929+00:00,60.0,60.008731375000025,1023.8638209998498,200,,0.471724
B,burst,B-burst-24,1,2026-10-07T17:59:29.254191+00:00,60.0,60.00199336500009,1032.0454289999361,200,,1.387546
B,burst,B-burst-25,1,2026-10-07T17:59:31.254847+00:00,62.0,62.00264848899997,1030.6823310002073,200,,2.218262
B,burst,B-burst-25,9,2026-10-07T17:59:31.263584+00:00,62.0,62.01138676200026,1022.2156830000131,200,,4.35054
B,burst,B-burst-25,0,2026-10-07T17:59:31.253751+00:00,62.0,62.00155281900015,1033.8890439998067,200,,1.080085
B,burst,B-burst-25,2,2026-10-07T17:59:31.255655+00:00,62.0,62.003457213000274,1033.4406859997216,200,,2.740193
B,burst,B-burst-25,3,2026-10-07T17:59:31.258599+00:00,62.0,62.006400407,1030.9950860000754,200,,0.281169
B,burst,B-burst-25,6,2026-10-07T17:59:31.260403+00:00,62.0,62.00820559600015,1029.431853999995,200,,2.391563
B,burst,B-burst-25,4,2026-10-07T17:59:31.259025+00:00,62.0,62.006827993000115,1032.7885609999612,200,,0.32452
B,burst,B-burst-25,8,2026-10-07T17:59:31.262993+00:00,62.0,62.01079541299987,1029.1297750000012,200,,4.803063
B,burst,B-burst-25,7,2026-10-07T17:59:31.261923+00:00,62.0,62.00972509800022,1030.5167629999232,200,,0.29271
B,burst,B-burst-25,5,2026-10-07T17:59:31.260003+00:00,62.0,62.007805268000084,1033.4802659999696,200,,3.138635
B,burst,B-burst-26,9,2026-10-07T17:59:33.267076+00:00,64.0,64.01487840300024,1012.256091999916,200,,1.783601
B,burst,B-burst-26,1,2026-10-07T17:59:33.254709+00:00,64.0,64.00251158399988,1025.8086110002296,200,,0.508403
B,burst,B-burst-26,3,2026-10-07T17:59:33.256359+00:00,64.0,64.0041619030003,1024.4602589996248,200,,1.918285
B,burst,B-burst-26,2,2026-10-07T17:59:33.255686+00:00,64.0,64.00348811699996,1025.4037009999593,200,,4.382627
B,burst,B-burst-26,8,2026-10-07T17:59:33.264902+00:00,64.0,64.01270429200031,1017.3591109996778,200,,1.638105
B,burst,B-burst-26,4,2026-10-07T17:59:33.257924+00:00,64.0,64.00572584700012,1025.6232120000277,200,,4.455222
B,burst,B-burst-26,0,2026-10-07T17:59:33.253990+00:00,64.0,64.00179173100014,1029.8406659999273,200,,1.875444
B,burst,B-burst-26,5,2026-10-07T17:59:33.259538+00:00,64.0,64.00734040399993,1024.6449510000275,200,,1.107904
B,burst,B-burst-26,6,2026-10-07T17:59:33.261483+00:00,64.0,64.0092853860001,1022.9636529998061,200,,1.764402
B,burst,B-burst-26,7,2026-10-07T17:59:33.262458+00:00,64.0,64.01025972600019,1022.2268130000884,200,,0.34483
B,burst,B-burst-27,1,2026-10-07T17:59:35.254873+00:00,66.0,66.00267489299995,1031.2619780002024,200,,0.442252
B,burst,B-burst-27,3,2026-10-07T17:59:35.257210+00:00,66.0,66.00496577900003,1029.9909360001038,200,,1.912877
B,burst,B-burst-27,0,2026-10-07T17:59:35.253579+00:00,66.0,66.0013812090001,1034.272523999789,200,,3.743088
B,burst,B-burst-27,7,2026-10-07T17:59:35.266245+00:00,66.0,66.01404705100003,1024.519500000224,200,,0.21572
B,burst,B-burst-27,9,2026-10-07T17:59:35.269897+00:00,66.0,66.01769902600017,1021.0334819998934,200,,1.911545
B,burst,B-burst-27,5,2026-10-07T17:59:35.263527+00:00,66.0,66.01132908799991,1026.5458840003703,200,,3.199223
B,burst,B-burst-27,2,2026-10-07T17:59:35.256669+00:00,66.0,66.00447056400026,1033.6184539996793,200,,0.3584
B,burst,B-burst-27,8,2026-10-07T17:59:35.268731+00:00,66.0,66.01653178100014,1018.9832440000828,200,,5.347712
B,burst,B-burst-27,4,2026-10-07T17:59:35.260987+00:00,66.0,66.00878764100025,1028.9269329996387,200,,0.36784
B,burst,B-burst-27,6,2026-10-07T17:59:35.264067+00:00,66.0,66.01186883299988,1027.1459610003149,200,,2.197173
A,revisit,A-revisit-0,9,2026-10-07T18:00:37.396291+00:00,128.0,128.14409340500015,1015.4301759998816,200,,2.665303
A,revisit,A-revisit-0,4,2026-10-07T18:00:37.389567+00:00,128.0,128.13736948899987,1022.8763330001129,200,,0.288138
A,revisit,A-revisit-0,2,2026-10-07T18:00:37.388360+00:00,128.0,128.13616258499997,1024.9480679999579,200,,1.6676
A,revisit,A-revisit-0,1,2026-10-07T18:00:37.386676+00:00,128.0,128.134478725,1026.9462549999844,200,,0.913636
A,revisit,A-revisit-0,7,2026-10-07T18:00:37.393269+00:00,128.0,128.1410710600003,1021.4308349995918,200,,2.618366
A,revisit,A-revisit-0,8,2026-10-07T18:00:37.395402+00:00,128.0,128.1432046650002,1020.3115259996594,200,,3.721781
A,revisit,A-revisit-0,3,2026-10-07T18:00:37.389221+00:00,128.0,128.1370232029999,1029.1293909999695,200,,1.935671
A,revisit,A-revisit-0,0,2026-10-07T18:00:37.386238+00:00,128.0,128.1340404560001,1032.681512000181,200,,2.528017
A,revisit,A-revisit-0,6,2026-10-07T18:00:37.390599+00:00,128.0,128.138402132,1028.8318759999129,200,,2.87955
A,revisit,A-revisit-0,5,2026-10-07T18:00:37.390059+00:00,128.0,128.13786132099995,1029.6533840000848,200,,1.106536
B,revisit,B-revisit-0,2,2026-10-07T18:00:39.257650+00:00,130.0,130.0054516539999,1030.2059450000343,200,,1.654234
B,revisit,B-revisit-0,0,2026-10-07T18:00:39.253477+00:00,130.0,130.0012772670002,1036.8240519997016,200,,0.992723
B,revisit,B-revisit-0,1,2026-10-07T18:00:39.256892+00:00,130.0,130.00469232500018,1033.688346999952,200,,0.249157
B,revisit,B-revisit-0,7,2026-10-07T18:00:39.267120+00:00,130.0,130.01492184000017,1023.6023309998927,200,,4.000776
B,revisit,B-revisit-0,8,2026-10-07T18:00:39.273419+00:00,130.0,130.02121893000003,1017.421861999992,200,,0.437423
B,revisit,B-revisit-0,3,2026-10-07T18:00:39.258595+00:00,130.0,130.00639668600024,1033.0646119996345,200,,0.216962
B,revisit,B-revisit-0,9,2026-10-07T18:00:39.275331+00:00,130.0,130.02313293399993,1019.1431550001653,200,,0.253402
B,revisit,B-revisit-0,6,2026-10-07T18:00:39.265860+00:00,130.0,130.01366185899997,1029.86827299992,200,,0.192458
B,revisit,B-revisit-0,5,2026-10-07T18:00:39.265133+00:00,130.0,130.01293354500012,1030.9750999999778,200,,2.418338
B,revisit,B-revisit-0,4,2026-10-07T18:00:39.263782+00:00,130.0,130.01158311500012,1033.4235870000157,200,,0.278923
