epoch,uptime,mem_total_kib,mem_available_kib,swap_used_kib,pswpin_pages,pswpout_pages,cpu_total_ticks,cpu_idle_ticks,cpu_iowait_ticks,cpu_steal_ticks,java_pid,java_rss_kib,java_swap_kib,java_threads,java_cpu_ticks,monitor_pid,monitor_rss_kib,monitor_swap_kib,monitor_cpu_ticks
1791497614.388289767,137.23,220048,166556,0,0,0,13683,13219,51,0,0,0,0,0,0,0,0,0,0
1791497619.404948659,142.24,220048,159492,0,0,0,14185,13704,51,0,0,0,0,0,0,0,0,0,0
1791497624.415765274,147.26,220048,159356,0,0,0,14686,14203,51,0,0,0,0,0,0,0,0,0,0
1791497629.426084445,152.26,220048,159456,0,0,0,15187,14702,51,0,0,0,0,0,0,0,0,0,0
1791497634.435854307,157.28,220048,159460,0,0,0,15688,15202,51,0,0,0,0,0,0,0,0,0,0
1791497639.446693034,162.28,220048,159464,0,0,0,16188,15701,51,0,0,0,0,0,0,0,0,0,0
1791497644.457112715,167.30,220048,159468,0,0,0,16689,16200,51,0,0,0,0,0,0,0,0,0,0
1791497649.469213370,172.31,220048,159808,0,0,0,17189,16699,51,0,0,0,0,0,0,0,0,0,0
1791497654.479404675,177.32,220048,159608,0,0,0,17691,17199,51,0,0,0,0,0,0,0,0,0,0
1791497659.489738318,182.33,220048,159432,0,0,0,18191,17695,54,0,0,0,0,0,0,0,0,0,0
1791497664.499843906,187.34,220048,159432,0,0,0,18692,18195,54,0,0,0,0,0,0,0,0,0,0
1791497669.509879951,192.35,220048,159436,0,0,0,19193,18694,54,0,0,0,0,0,0,0,0,0,0
1791497674.522016402,197.36,220048,159440,0,0,0,19695,19194,54,0,0,0,0,0,0,0,0,0,0
1791497679.532757689,202.37,220048,156900,0,0,0,20195,19688,56,0,0,0,0,0,0,2448,14292,0,0
1791497684.545190753,207.38,220048,156008,0,0,0,20696,20187,56,0,0,0,0,0,0,2448,14292,0,0
1791497689.559583049,212.40,220048,156276,0,0,0,21198,20687,56,0,0,0,0,0,0,2448,14292,0,0
1791497694.573020671,217.41,220048,156388,0,0,0,21698,21186,56,0,0,0,0,0,0,2448,14292,0,0
1791497699.588926043,222.43,220048,156388,0,0,0,22200,21685,56,0,0,0,0,0,0,2448,14292,0,0
1791497704.601426451,227.44,220048,156392,0,0,0,22701,22185,56,0,0,0,0,0,0,2448,14292,0,0
1791497709.615288683,232.45,220048,155932,0,0,0,23202,22683,56,0,0,0,0,0,0,2448,14228,0,2
1791497714.626982155,237.47,220048,162772,0,0,0,23702,23182,57,0,0,0,0,0,0,2448,13684,0,2
1791497719.641904020,242.48,220048,162788,0,0,0,24202,23681,57,0,0,0,0,0,0,2448,13748,0,2
1791497724.660754792,247.50,220048,162796,0,0,0,24706,24181,57,0,0,0,0,0,0,2448,13748,0,2
1791497729.678541750,252.52,220048,162856,0,0,0,25207,24680,57,0,0,0,0,0,0,2448,13748,0,2
1791497734.693752818,257.53,220048,162748,0,0,0,25708,25179,57,0,0,0,0,0,0,2448,13748,0,2
1791497739.707284196,262.55,220048,162780,0,0,0,26208,25677,57,0,0,0,0,0,0,2448,14524,0,2
1791497744.720864415,267.56,220048,162780,0,0,0,26709,26176,57,0,0,0,0,0,0,2448,14524,0,2
1791497749.732110107,272.57,220048,162812,0,0,0,27211,26676,57,0,0,0,0,0,0,2448,14524,0,2
1791497754.745546476,277.58,220048,162784,0,0,0,27712,27175,57,0,0,0,0,0,0,2448,14524,0,2
1791497759.759196709,282.60,220048,162788,0,0,0,28214,27674,58,0,0,0,0,0,0,2448,14524,0,2
1791497764.771366478,287.61,220048,162648,0,0,0,28715,28173,58,0,0,0,0,0,0,2448,14816,0,2
1791497764.829704511,287.66,220048,161288,0,0,0,28720,28176,58,0,2658,11660,0,2,0,2448,14816,0,2
1791497765.866852071,288.70,220048,124360,13584,200,3342,28824,28176,61,0,2658,68056,4596,13,94,2448,14376,440,2
1791497766.898922254,289.73,220048,108164,12716,594,3342,28926,28176,62,0,2658,83624,2592,13,191,2448,3684,440,2
1791497767.936439348,290.76,220048,98468,12620,673,3342,29030,28176,62,0,2658,93092,2528,13,288,2448,11532,260,2
1791497768.983209342,291.81,220048,90736,12524,729,3342,29132,28176,62,0,2658,99428,2464,13,386,2448,11532,260,2
1791497770.019031120,292.85,220048,82248,12476,819,3342,29235,28176,62,0,2658,104612,2140,13,484,2448,11532,260,2
1791497771.055596463,293.88,220048,62700,26344,2411,6874,29338,28176,62,0,2658,122864,9292,13,579,2448,5800,1496,2
1791497772.086076379,294.92,220048,56696,40548,3866,10487,29440,28176,62,0,2658,127948,18076,20,675,2448,1484,1784,2
1791497773.124753138,295.95,220048,47396,52068,8174,13976,29541,28176,64,0,2658,134480,15600,21,767,2448,92,3176,2
1791497774.161195318,296.99,220048,57932,71944,10349,20933,29644,28176,64,0,2658,127136,39008,25,860,2448,8,3260,2
1791497775.185409021,298.02,220048,64212,88804,15365,27589,29745,28196,65,0,2658,117836,50768,25,931,2448,8,3260,2
1791497780.199809414,303.04,220048,68668,88160,15468,27589,30244,28682,73,0,2658,113204,50380,24,933,2448,580,3136,3
1791497785.216283207,308.05,220048,68524,87972,15598,27589,30745,29180,73,0,2658,113632,49960,24,933,2448,580,3136,3
1791497790.237608975,313.07,220048,68504,87932,15617,27589,31247,29677,73,0,2658,113696,49900,24,934,2448,580,3136,3
1791497795.258608013,318.09,220048,55604,83300,18504,27589,31747,30133,74,0,2658,123104,41436,24,971,2448,7960,2056,5
1791497800.274625254,323.11,220048,54096,83216,18631,27601,32249,30627,75,0,2658,123104,41436,24,971,2448,9024,1584,5
1791497805.290827232,328.13,220048,53308,83180,18659,27601,32750,31125,75,0,2658,123208,41336,24,972,2448,9024,1584,5
1791497810.308652266,333.15,220048,53488,83180,18659,27601,33251,31623,75,0,2658,123208,41336,24,972,2448,9024,1584,5
1791497815.325823522,338.16,220048,54972,83148,18714,27610,33753,32120,76,0,2658,123344,41244,24,973,2448,9024,1584,5
1791497820.346400586,343.18,220048,53536,83140,18721,27610,34255,32618,76,0,2658,123364,41232,24,974,2448,9024,1584,5
1791497825.366204963,348.20,220048,55072,83428,18809,27712,34756,33109,76,0,2658,123056,41656,24,980,2448,9160,1560,5
1791497830.383254009,353.22,220048,50708,83440,18832,27717,35256,33606,76,0,2658,123044,41668,24,981,2448,9276,1516,6
1791497835.400645798,358.24,220048,55372,83472,18843,27736,35758,34104,77,0,2658,122952,41768,24,981,2448,9276,1516,6
1791497840.420055987,363.26,220048,54516,83420,18917,27736,36261,34602,77,0,2658,122956,41768,24,982,2448,10344,1456,6
1791497845.437908040,368.27,220048,54908,83588,18942,27784,36762,35099,77,0,2658,122736,41992,24,982,2448,10344,1456,6
1791497850.456733014,373.29,220048,55380,83776,18945,27852,37263,35597,77,0,2658,122320,42424,24,983,2448,10344,1456,6
1791497855.471289460,378.31,220048,56568,85240,19055,28292,37764,36091,77,0,2658,120640,44336,24,987,2448,10412,1456,7
1791497860.487922242,383.33,220048,56604,85240,19059,28292,38265,36588,78,0,2658,120668,44336,24,987,2448,10480,1456,7
1791497865.504549706,388.34,220048,56516,85188,19118,28292,38765,37084,78,0,2658,120672,44336,24,988,2448,11844,1300,7
1791497870.521707523,393.36,220048,56228,85184,19135,28292,39267,37582,78,0,2658,120692,44316,24,988,2448,11984,1272,7
1791497875.536372107,398.38,220048,56232,85184,19135,28292,39768,38081,78,0,2658,120692,44316,24,989,2448,11984,1272,7
1791497880.551424801,403.39,220048,56236,85184,19135,28292,40269,38579,78,0,2658,120692,44316,24,989,2448,11984,1272,7
1791497885.567240944,408.41,220048,55844,85160,19158,28292,40771,39073,78,0,2658,120892,44260,24,993,2448,12016,1272,8
1791497890.584398926,413.42,220048,55840,85160,19158,28292,41272,39570,79,0,2658,120908,44260,24,994,2448,12108,1272,8
1791497895.600925493,418.44,220048,55844,85160,19159,28292,41774,40068,79,0,2658,120936,44256,24,994,2448,12108,1272,8
1791497900.616947052,423.46,220048,55816,85160,19159,28292,42274,40566,79,0,2658,120948,44256,24,995,2448,12108,1272,8
1791497905.631652026,428.47,220048,55820,85160,19159,28292,42775,41064,79,0,2658,120948,44256,24,995,2448,12108,1272,8
1791497910.648117911,433.48,220048,55796,85160,19159,28292,43276,41562,79,0,2658,120952,44256,24,995,2448,12108,1272,8
1791497915.665801132,438.50,220048,55592,85084,19187,28292,43777,42057,79,0,2658,121172,44152,24,999,2448,12168,1264,8
1791497920.682579951,443.52,220048,55204,84764,19267,28292,44281,42555,80,0,2658,121504,43832,24,999,2448,12216,1260,8
1791497925.698905566,448.54,220048,55124,84700,19285,28292,44781,43053,80,0,2658,121568,43768,24,1000,2448,12216,1260,8
1791497930.716141836,453.55,220048,55108,84660,19292,28292,45282,43551,80,0,2658,121620,43728,24,1000,2448,12216,1260,8
1791497935.736044104,458.57,220048,54768,84572,19311,28334,45784,44049,80,0,2658,121472,43888,24,1000,2448,12216,1260,8
1791497940.752305497,463.59,220048,55152,84640,19311,28334,46285,44547,80,0,2658,121472,43888,24,1001,2448,12216,1260,8
1791497945.768277278,468.61,220048,55964,84608,19336,28334,46786,45042,80,0,2658,121520,43812,24,1005,2448,12268,1260,8
1791497950.783647750,473.62,220048,54816,84608,19337,28334,47286,45539,80,0,2658,121520,43812,24,1006,2448,12384,1248,9
1791497955.800385093,478.64,220048,48716,84584,20429,28334,47786,46009,81,0,2658,125244,40020,24,1030,2448,11112,1248,9
1791497960.821744087,483.66,220048,59428,92720,21562,31612,48288,46422,82,0,2658,120964,50180,24,1109,2448,4728,3260,9
1791497965.840036467,488.68,220048,57912,90956,22212,31612,48789,46881,86,0,2658,120864,48096,24,1143,2448,4728,3260,9
1791497970.855286414,493.69,220048,56488,89528,23020,31921,49288,47316,87,0,2658,123172,46764,24,1202,2448,4420,3568,9
1791497975.873929718,498.71,220048,63876,93560,23407,33515,49788,47763,88,0,2658,117496,53428,24,1248,2448,5588,2904,10
1791497980.898292821,503.74,220048,62148,94384,23933,34026,50289,48197,92,0,2658,116952,54724,24,1305,2448,8628,2316,11
1791497985.914068258,508.75,220048,62160,94108,24053,34026,50789,48673,93,0,2658,117752,54328,24,1325,2448,8628,2316,11
1791497990.930384412,513.77,220048,65768,98840,24181,35684,51290,49128,96,0,2658,112124,60616,24,1362,2448,8540,2404,11
1791497995.946846469,518.78,220048,67612,98624,24390,35751,51786,49580,97,0,2658,113316,60016,24,1405,2448,8540,2404,11
1791498000.966300391,523.80,220048,67052,98568,24498,35751,52288,50063,97,0,2658,114244,59588,24,1419,2448,8540,2404,11
1791498005.981439219,528.82,220048,64408,97308,24961,35751,52789,50538,99,0,2658,116588,57800,24,1439,2448,8652,2352,11
1791498010.997759484,533.84,220048,63440,97284,25038,35751,53290,51024,99,0,2658,117012,57608,24,1451,2448,8772,2296,11
1791498016.015941330,538.85,220048,63668,97272,25055,35751,53790,51510,99,0,2658,117232,57540,24,1462,2448,8772,2296,11
1791498021.035801903,543.87,220048,62716,97240,25136,35751,54292,51993,100,0,2658,117700,57384,24,1475,2448,8772,2296,11
1791498026.051088012,548.89,220048,64356,98308,25296,36143,54793,52475,101,0,2658,116712,58828,24,1488,2448,8768,2300,11
1791498031.066921009,553.91,220048,63748,98304,25362,36143,55293,52960,101,0,2658,117168,58652,24,1501,2448,8768,2300,11
1791498036.085520722,558.92,220048,63128,98148,25528,36143,55795,53439,102,0,2658,118192,58092,24,1516,2448,8860,2300,12
1791498041.103162378,563.94,220048,63992,98960,25830,36468,56295,53921,105,0,2658,116868,58820,24,1527,2448,9024,2264,12
1791498046.121200583,568.96,220048,62624,98960,25897,36468,56795,54400,106,0,2658,117648,58588,24,1543,2448,9024,2264,12
1791498051.140239394,573.98,220048,63596,98960,25935,36468,57295,54885,106,0,2658,117612,58448,24,1555,2448,9020,2264,12
1791498056.158732222,579.00,220048,61568,98944,26016,36468,57797,55371,107,0,2658,118420,58160,24,1566,2448,9020,2264,12
1791498061.175052975,584.01,220048,61572,98944,26026,36468,58300,55860,107,0,2658,118548,58120,24,1574,2448,9020,2264,12
1791498066.188721254,589.03,220048,61024,98844,26092,36468,58800,56347,108,0,2658,118980,57880,24,1584,2448,9144,2244,12
1791498071.205424064,594.04,220048,61212,98840,26167,36468,59299,56834,109,0,2658,119540,57612,24,1591,2448,9188,2232,12
1791498076.221186710,599.06,220048,60272,98840,26186,36468,59801,57324,109,0,2658,119728,57548,24,1599,2448,9188,2232,12
1791498081.235950558,604.08,220048,59404,98732,26360,36468,60301,57810,109,0,2658,119944,57480,24,1607,2448,11308,1944,14
1791498086.251340417,609.09,220048,58364,98708,26429,36468,60802,58296,110,0,2658,120272,57264,24,1617,2448,11308,1944,14
1791498091.267834034,614.11,220048,58352,98700,26446,36468,61302,58785,110,0,2658,120348,57232,24,1626,2448,11444,1932,14
1791498096.285404105,619.12,220048,57672,98644,26512,36468,61803,59266,111,0,2658,120928,56996,24,1641,2448,11484,1928,14
1791498101.302180505,624.14,220048,55488,98636,26530,36468,62303,59743,111,0,2658,121140,56940,24,1660,2448,11556,1916,15
1791498106.318419719,629.16,220048,57404,98636,26530,36468,62804,60233,111,0,2658,121248,56940,24,1668,2448,11556,1916,15
1791498111.334559618,634.17,220048,57276,98636,26535,36468,63305,60721,111,0,2658,121364,56924,24,1675,2448,11668,1912,15
1791498116.350866966,639.19,220048,56944,98608,26557,36468,63807,61211,112,0,2658,121444,56880,24,1682,2448,11804,1892,15
1791498121.365193955,644.20,220048,56548,98608,26579,36468,64306,61696,112,0,2658,121660,56800,24,1694,2448,11804,1892,15
1791498126.379428689,649.22,220048,55684,98528,26662,36468,64806,62184,112,0,2658,122184,56508,24,1703,2448,11888,1892,15
1791498131.394691121,654.23,220048,55524,98528,26670,36468,65308,62667,113,0,2658,122340,56488,24,1716,2448,11952,1876,15
1791498136.412275679,659.25,220048,55676,98528,26677,36468,65808,63151,113,0,2658,122416,56468,24,1729,2448,11952,1876,15
1791498141.430862637,664.27,220048,55092,98528,26686,36468,66309,63628,113,0,2658,122616,56432,24,1749,2448,11952,1876,15
1791498146.446955750,669.29,220048,54896,98524,26696,36468,66809,64110,113,0,2658,122808,56400,24,1764,2448,11952,1876,15
1791498151.462853065,674.30,220048,54552,98524,26702,36468,67310,64597,113,0,2658,122896,56380,24,1773,2448,11952,1876,15
1791498156.487464733,679.32,220048,54488,98524,26717,36468,67812,65077,113,0,2658,123060,56320,24,1791,2448,12016,1876,16
1791498161.505963250,684.34,220048,54352,98524,26747,36468,68313,65560,114,0,2658,123268,56220,24,1803,2448,12076,1876,17
1791498166.521896102,689.36,220048,53840,98516,26769,36468,68813,66041,114,0,2658,123488,56140,24,1820,2448,12076,1876,17
1791498171.537834283,694.38,220048,53952,98512,26796,36468,69314,66527,115,0,2658,123856,56044,24,1829,2448,12076,1876,17
1791498176.554675543,699.39,220048,53952,98512,26804,36468,69816,67017,115,0,2658,123968,56012,24,1838,2448,12076,1876,17
1791498181.572225119,704.41,220048,53984,98484,26831,36468,70316,67506,115,0,2658,124172,55924,24,1845,2448,12076,1876,17
1791498186.588669669,709.43,220048,53112,98480,26838,36468,70817,67981,117,0,2658,124376,55912,24,1864,2448,12140,1872,17
1791498191.605410446,714.44,220048,51440,98464,27118,36468,71316,68467,118,0,2658,124504,55788,24,1871,2448,13812,1056,18
1791498196.621034091,719.46,220048,51960,98464,27173,36468,71818,68952,121,0,2658,124748,55608,24,1880,2448,13812,1056,18
1791498201.636705331,724.47,220048,51160,98464,27198,36468,72317,69440,121,0,2658,124908,55520,24,1889,2448,13812,1056,18
1791498206.653987587,729.49,220048,51164,98464,27203,36468,72819,69926,122,0,2658,124996,55500,24,1901,2448,13812,1056,18
1791498211.669618171,734.51,220048,51088,98460,27219,36468,73320,70415,122,0,2658,125304,55440,24,1909,2448,13812,1056,18
1791498216.687130323,739.53,220048,51024,98448,27242,36468,73820,70896,122,0,2658,125468,55376,24,1923,2448,13936,1044,18
1791498221.702998871,744.54,220048,46368,98432,27257,36468,74321,71342,123,0,2658,125696,55328,24,1973,2448,13928,1032,18
1791498226.721003525,749.56,220048,47552,98432,27269,36468,74822,71828,123,0,2658,125828,55288,24,1985,2448,13928,1032,18
1791498231.742156563,754.58,220048,49504,98316,27277,36468,75322,72317,123,0,2658,126056,55168,24,1992,2448,13928,1032,18
1791498236.756485759,759.60,220048,49068,98296,27337,36468,75823,72803,124,0,2658,126320,54984,24,2002,2448,13928,1032,18
1791498241.772602986,764.61,220048,49076,98296,27354,36468,76324,73292,124,0,2658,126416,54936,24,2010,2448,13928,1032,18
1791498246.791434421,769.63,220048,48084,98292,27390,36468,76825,73775,124,0,2658,126772,54804,24,2024,2448,13948,1028,18
1791498251.805328851,774.64,220048,48888,98276,27400,36468,77327,74262,125,0,2658,126924,54788,24,2034,2448,11680,1012,19
1791498256.821517949,779.66,220048,49124,98200,27439,36468,77826,74751,125,0,2658,127388,54628,25,2042,2448,11680,1012,19
1791498261.837815052,784.68,220048,49128,98200,27439,36468,78327,75249,125,0,2658,127388,54628,25,2042,2448,11680,1012,19
1791498266.852972738,789.69,220048,49080,98200,27439,36468,78829,75748,125,0,2658,127388,54628,25,2042,2448,11680,1012,19
1791498271.869813169,794.71,220048,49080,98200,27439,36468,79330,76246,125,0,2658,127388,54628,25,2043,2448,11680,1012,19
1791498276.890748082,799.72,220048,49780,98268,27441,36490,79831,76741,126,0,2658,123700,56540,25,2044,2448,11176,1688,20
1791498281.908877579,804.75,220048,51036,99944,27453,37006,80333,77237,127,0,2658,123704,56540,25,2044,2448,11236,1644,20
1791498286.927740764,809.76,220048,51048,99944,27453,37006,80834,77736,127,0,2658,123704,56540,25,2044,2448,11236,1644,20
1791498291.944140320,814.78,220048,51052,99944,27453,37006,81336,78234,127,0,2658,123712,56540,25,2045,2448,11236,1644,20
1791498296.961045037,819.80,220048,51056,99944,27453,37006,81837,78732,127,0,2658,123712,56540,25,2046,2448,11236,1644,20
1791498301.975671089,824.81,220048,51200,99944,27460,37006,82338,79231,127,0,2658,123712,56540,25,2046,2448,11236,1644,20
1791498306.991045351,829.83,220048,53352,101700,27539,37486,82839,79726,128,0,2658,121936,58448,25,2047,2448,11128,1776,20
1791498312.009052770,834.85,220048,53112,101684,27543,37486,83340,80224,128,0,2658,121936,58448,25,2047,2448,11184,1760,21
1791498317.025232512,839.86,220048,53132,101684,27543,37486,83842,80722,129,0,2658,121948,58448,25,2047,2448,11184,1760,21
1791498322.039354515,844.88,220048,54772,100720,27660,37486,84342,81219,129,0,2658,121948,58448,25,2048,2448,10928,656,21
1791498327.054616863,849.89,220048,54784,100720,27660,37486,84844,81718,129,0,2658,121948,58448,25,2048,2448,10928,656,21
1791498332.070555084,854.91,220048,54788,100720,27660,37486,85344,82216,129,0,2658,121948,58448,25,2049,2448,10928,656,21
1791498337.086950295,859.92,220048,54628,100716,27686,37486,85844,82711,129,0,2658,122212,58360,25,2052,2448,11444,652,21
1791498342.105376399,864.94,220048,54124,100700,27689,37486,86347,83209,129,0,2658,122212,58360,25,2052,2448,11780,636,22
1791498347.121246254,869.96,220048,54132,100700,27689,37486,86848,83706,130,0,2658,122212,58360,25,2053,2448,11780,636,22
1791498352.137422519,874.98,220048,54240,100700,27689,37486,87349,84204,130,0,2658,122212,58360,25,2053,2448,11780,636,22
1791498357.154956999,879.99,220048,54220,100700,27689,37486,87851,84703,130,0,2658,122212,58360,25,2054,2448,11780,636,22
1791498362.171629364,885.01,220048,54196,100700,27689,37486,88352,85201,130,0,2658,122212,58360,25,2054,2448,11780,636,22
1791498367.186781299,890.03,220048,54220,100656,27699,37486,88853,85698,130,0,2658,122176,58292,24,2055,2448,11780,636,22
1791498372.205776961,895.04,220048,57352,102420,27886,37975,89352,86192,132,0,2658,120712,60044,25,2056,2448,11756,704,22
